MR7002BEV03,L6T78Y4W9HN038072,吉利,帝豪,帝豪EV 进取型 2016款 
SGM7165MTB,LSGJA52U8AS088532,别克,凯越,1.6 手动 LE 2011款 
CA7201AT4,LFPM4ACC1B1A19755,马自达,马自达6,2.0 手自一体 超豪华版 2013款 
SVW7180CEI,LSVAF033X42136233,大众,桑塔纳,1.8 手动 GLi 99新秀 1999款 
SGM7169MTA,LSGPC54U9CF076936,雪佛兰,科鲁兹,1.6 手动 SE 变形金刚版 2011款 
SVW7182QQD,LSVT91335BN054704,大众,桑塔纳,1.8 手动 舒适版 2009款 
EQ7250AC,LGBF1DE059R170007,日产,天籁,2.5 无级 XV 云安全版 2012款 
LZW6407B3,LZWACAGA086016639,五菱,荣光,1.2 手动 基本型 8座 2008款 
FV7203TFCVTG,LFV3A28K0A3010144,奥迪,A4,2.0TFSI 无级 132kw标准型 2012款 
SGM7168ATA,LSGJA52U39H104418,别克,凯越,1.6 自动 舒适版 2008款 
SVW7180LEi,LSVAU033082260913,大众,桑塔纳,1.8 手动 景畅 豪华版 2007款 
LZW6407BF,LZWACAGA5C7121468,五菱,荣光,1.2 手动 豪华型I型 8座 2008款 
SVW7180LED,LSVA10330A2262451,大众,桑塔纳,1.8 手动 基本版 2006款 
LZW6376NF,LZWACAGA6B1065770,五菱,五菱之光,1.0 手动 6376N 立业型 2010款 
SGM7165ATB,LSGJA52U0BH165845,别克,凯越,1.6 自动 LE 2011款 
BH7162MW,LBEXDAEB18X610959,现代,伊兰特,1.6 手动 舒适型 2007款 
FV7162XG,LFV2A115193036404,大众,宝来,1.6 手动 时尚版 2008款 
CAF7180M,LVSFCFME78F271742,福特,福克斯,1.8 手动 经典型 2005款 
SGM7161LE,LSGJS52U76H074722,别克,凯越,1.6 手动 LE 舒适版 2005款 
HG7203AB,LHGCP168492019590,本田,雅阁,2.0 自动 EX 2011款 
BH7162MX,LBEXDAEB5AX919422,现代,伊兰特,1.6 手动 舒适型 2007款 
BH7160BMY,LBEHDAEB4CY837232,现代,伊兰特,1.6 手动 舒适型 2011款 
FV7162XATG,LFV2A2151C3588689,大众,宝来,1.6 手自一体 时尚版 2008款 
SGM7168MTA,LSGJA52U89S057227,别克,凯越,1.6 手动 舒适版 2008款 
SVW7167HSD,LSVAH4184A2361565,大众,朗逸,1.6 手自一体 品雅进享版 2010款 
JX6466DF-M,LJXCMCCB29T032610,福特,全顺,2.8T 手动 短轴中顶普通型5-8座柴油 2007款 
EQ7204AC,LGBF1AE03BR031790,日产,天籁,2.0 无级 XL 智享版 2012款 
SVW7182CQi,LSVJN133452121768,大众,桑塔纳,1.8 手动 超越者 导入版 2006款 
SGM7205ATA,LSGGA53Y9BH179982,别克,君威,2.0 手自一体 舒适版 2009款 
SGM6520UAAA,LSGUD84X7GE015575,别克,GL8,2.4 手自一体 经典版 2014款 
CAF7230A,LVSHBFAF5AF122745,福特,蒙迪欧,2.3 手自一体 时尚型 2013款 
BH7167AY,LBEHDAFB8CZ851983,现代,伊兰特,1.6 自动 舒适型 2011款 
LZW6371,LZWABCJ1X51072927,五菱,五菱之光,1.1 手动 基本型 5-8座 2003款 
HG7241AB,LHGCP264898016093,本田,雅阁,2.4 自动 LX 2011款 
CAF7180M48,LVSHCFME6CF258000,福特,福克斯,1.8 手动 基本型 2013款 
SVW7182HFI,LSVHH133X32122491,大众,桑塔纳,1.8 手动 GSi 时代骄子 2002款 
DFL7168VBL2,LGBH52E02HY235434,日产,轩逸,1.6 无级 XL 豪华版 2016款 
SGM7141MTA,LSGTC52M38Y086245,雪佛兰,乐风,1.4 手动 SE 舒适版 2009款 
SGM7161LE AT,LSGJT52U76H065967,别克,凯越,1.6 自动 LE 舒适版 2006款 
DFL7160AA,LGBG12E075Y009215,日产,颐达,1.6 自动 JS NAVI 2005款 
CSA7150AC,LSJA16E38BG041086,荣威,350,1.5 自动 讯达版 2011款 
DFL7161BB,LGBG22E049Y188624,日产,骐达,1.6 手动 时尚NISMO运动版 2009款 
YQZ7162E3,LJDDAA22680236987,起亚,赛拉图,1.6 手动 GL 2006款 
TV7252V5,LFMBEC4D4C0105019,丰田,锐志,2.5V 手自一体 风度菁英版 2010款 
SVW7167GSD,LSVAG2184B2292076,大众,朗逸,1.6 手动 品雅进享版 2010款 
SVW71612RS,LSVAR4BR9GN106597,大众,桑塔纳,1.6 手动 风尚版 2015款 
SGM7252GL,LSGWL52D55S196130,别克,君威,2.5 自动 GL 豪华版 2003款 
SGM7161LX,LSGJR52U66H083309,别克,凯越,1.6 手动 LX 基本版 2006款 
DFL7161AA,LGBG22E098Y136503,日产,骐达,1.6 自动 GE 2005款 
DFL7203VAL3,LGBF5AE07GR016656,日产,天籁,2.0 无级 XE-Sporty 欧冠运动版 2015款 
BH7200DAY,LBEYFAKC3BY010666,现代,索纳塔,2.0 手自一体 GS 时尚版 2011款 
CAF7180N48,LVSHCAME4BF713864,福特,福克斯,1.8 手动 基本型 2013款 
BH7160M,LBEPCCAH35X169663,现代,伊兰特,1.6 手动 标准型 2004款 
SGM7145MTA,LSGTB54M9BY173218,雪佛兰,乐风,1.4 手动 SE 风度版 2010款 
LZW6376E3,LZWACAGA0A2081245,五菱,五菱之光,1.0 手动 基本型 7座 2008款 
SGM7240ATA,LSGWS52X29S025189,别克,君越,2.4 手自一体 标准版 2008款 
TV7250S4SPD,LFMBE22D190166866,丰田,锐志,2.5S 手自一体 舒适版 2009款 
SVW7183LJi,LSVDL29F462215614,大众,帕萨特,1.8T 手自一体 豪华版 2005款 
TV7164GD,LFMAP22CXC0397401,丰田,花冠,1.6 自动 经典版 2010款 
SGM7161MTB,LSGPB54U8BS193741,别克,英朗,1.6 手动 进取版 2010款 
SVW71612BS,LSVAB4BR7DN195294,大众,桑塔纳,1.6 手动 风尚版 2013款 
HG7240,LHGCM567X52022771,本田,雅阁,2.4 自动 2004款 
TV7163GL,LFMAPE2C1C0405581,丰田,卡罗拉,1.6 自动 GL 2011款 
LZW6376C3,LZWACAGA6A1077898,五菱,扬光,1.1 手动 基本型 7座 2006款 
GTM7240G,LVGBE40KX8G231832,丰田,凯美瑞,2.4 手自一体 240G 豪华版 2007款 
CA7201AT,LFPH4ABC471A08145,马自达,马自达6,2.0 手自一体 超豪华版 2006款 
SVW7189BJD,LSVCB43T3B2546011,斯柯达,昊锐,1.8TSI 手自一体 贵雅版 2012款 
SVW7183FJI,LSVCD49F822246041,大众,帕萨特,1.8T 手动 天窗增值版 2004款 
FV6461ATG,LFV3B28R2C3046463,奥迪,Q5,2.0TFSI 手自一体 技术型 2012款 
HFC6500A3C7BE3,LJ16AA33XA7000451,江淮,瑞风,2.0 手动 简配型8座 2007款 
SVW7183SJD,LSVET69F5B2428318,大众,帕萨特,1.8T 手自一体 尊享型 2011款 
YQZ7165EJ,LJDGAA228B0192382,起亚,福瑞迪,1.6 手动 GL 节能补贴 2011款 
SVW7166HSD,LSVN241Z1C2042042,斯柯达,明锐,1.6 手自一体 逸致版 2015款 
GTM7200GB,LVGBH42K9AG387094,丰田,凯美瑞,2.0 自动 200G 经典版 2010款 
SVW7167MSD,LSVAM4188C2089410,大众,朗逸,1.6 手动 品悠版 2011款 
FV7241FCVTG,LFV4A24F6B3024676,奥迪,A6,2.4 无级 技术型 2009款 
QCJ7150A5,LGXC16DF9A0066644,比亚迪,F3,1.5 手动 白金版 实用型 2008款 
FV7201TFCVTG,LFV3A24F0C3033760,奥迪,A6,2.0TFSI 无级 标准型 2009款 
DN7160,LDNM4LNE150070953,东南,菱帅,1.6 手动 标准版 2003款 
DC7164DB,LDC931L2690135977,标致,307,1.6 手动 2011款 
SGM7166ATB,LSGPC52U4CF054233,雪佛兰,科鲁兹,1.6 手自一体 SE 变形金刚版 2011款 
SVW7166GSD,LSVN141Z1C2069485,斯柯达,明锐,1.6 手动 逸致版 2015款 
DFL7165VAK2,LGBG22E08CY103484,日产,骐达,1.6 无级 XL 智能型 2011款 
SVW71810DJ,LSVCD6A40CN083245,大众,帕萨特,1.8TSI 双离合 尊荣版 2011款 
SGM6527AT,LSGUD82C18E017081,别克,GL8,3.0 自动 CT 7座舒适版 2008款 
FV7166G,LFV2A11K5B3049670,大众,速腾,1.6 手动 时尚版 2007款 
HMC7161,LH17CKJF45H071103,海马,福美来,1.6 自动 舒适版 2005款 
CAF7200B,LVSFBFACX5F049164,福特,蒙迪欧,2.0 自动 Ghia-X 尊享型 2005款 
SY6513X2S1BH,LSYBCAAA79K013990,金杯,海狮,2.0 手动 快运 标准型 2008款 
SGM6510GL8,LSGDC82C03S141498,别克,GL8,3.0 自动 LT 7座豪华版 2000款 
SGM6529ATA,LSGUD84X8BE080749,别克,GL8,2.4 手自一体 CT 舒适版 2011款 
DFL7163AC,LGBK22E78CY260679,日产,骊威,1.6 手动 劲悦版 GI 全能型 2010款 
CSA7182AB,LSJW26H32AS021989,荣威,550,1.8 手自一体 DVVT 超值版 2012款 
LZW6400B3,LZWACAGA9A8171376,五菱,五菱之光,1.2 手动 基本型加长 7座 2007款 
SGM7161ATB,LSGPB54U8BS155474,别克,英朗,1.6 手自一体 时尚版 2010款 
BH6440AY,LBELMBKC5AY007367,现代,ix35,2.0 手自一体 GL 两驱新锐型 2010款 
CSA7182AC,LSJW26H30AS059205,荣威,550,1.8 手自一体 DVVT 经典版风尚型 2013款 
SGM7243ATA,LSGGF53W1BH171388,别克,君越,2.4 SIDI 手自一体 舒适版 2011款 
SVW7167NSD,LSVAN218XC2097591,大众,朗逸,1.6 手自一体 品悠版 2011款 
GTM7240GB,LVGBE42K2AG526460,丰田,凯美瑞,2.4 手自一体 240G 经典版 2010款 
LZ6460AQFE,LGG7B2D12CZ044656,风行,菱智,1.6 手动 商用版特惠型 2012款 
SGM7163LE,LSGJR62U77S026790,别克,凯越,1.6 手动 LE 豪华版 2006款 
CAF7180B48,LVSHCAAE7BF710106,福特,福克斯,1.8 手自一体 基本型 2013款 
CAF7180B38,LVSHCAAE1AF527119,福特,福克斯,1.8 手自一体 时尚型 2009款 
BH7162MY,LBEXDAEB2BX065796,现代,伊兰特,1.6 手动 GL 舒适型 2011款 
HG7154CAA,LHGGM2658A2056801,本田,锋范,1.5 自动 精英版 2009款 
SVW7166CSD,LSVNV41Z1A2739747,斯柯达,明锐,1.6 手动 逸致版 2010款 
DC7204DTB,LDC943X20A0253286,标致,408,2.0 手动 影音导航版 2012款 
SC6399D4Y,LS4AAB3D7CA005157,长安商用,长安之星,1.0 手动 基本型 2012款 
CAF7180B,LVSFCAAE67F120915,福特,福克斯,1.8 手自一体 时尚型 2006款 
SVW7167ASD,LSVAA418692235160,大众,朗逸,1.6 手动 品悠版 2008款 
HFC7000W3EV,LJ1EEKPP2H7417432,江淮,iEV,iEV6E 时光版 2017款 
CAF7161M1,LVSFDFMB9BN219156,马自达,马自达3,1.6 手动 经典款 特惠版 2012款 
CAF7205A41,LVSHBFDCXBF214971,福特,蒙迪欧,2.0T 双离合 GTDi200 时尚型 2011款 
SVW7144ALI,LSVFA49J632034184,大众,POLO,1.4 手动 豪华版 2002款 
CAF7161A1,LVSFDFABXBN214990,马自达,马自达3,1.6 手自一体 经典款 特惠版 2012款 
SY7182HS,LSYYBADC57K043108,中华,骏捷,1.8 手动 舒适版 2006款 
LZW6471ABY,LZWADAGA8GB210161,宝骏,730,1.5 手动 舒适版7座 2016款 
LZW6431MF,LZWADAGA9C4219322,五菱,宏光,1.4 手动 6431M 实用型 7座 2010款 
SGM7163LE AT,LSGJT62U58S012017,别克,凯越,1.6 自动 LE 天窗豪华版 2004款 
SVW7166ESD,LSVNX41Z6B2514302,斯柯达,明锐,1.6 手动 逸致版(节能补贴) 2012款 
FV7144TFATG,LFV2B21K9C3235961,大众,高尔夫,1.4TSI 双离合 舒适版 2012款 
CAF7180N,LVSFCAMEX8F276856,福特,福克斯,1.8 手动 基本型 2006款 
CAF7180M38,LVSHCFME4AF527074,福特,福克斯,1.8 手动 舒适型 2009款 
LZW6400C3,LZWACAGA198136374,五菱,五菱之光,1.1 手动 标准型 7座 2007款 
CAF7180A,LVSFCFAE68F244763,福特,福克斯,1.8 手自一体 时尚型 2005款 
DFL7160BB,LGBG12E299Y615039,日产,颐达,1.6 自动 JE 科技版 2009款 
SGM7242ATA,LSGGF53X8AH177194,别克,君越,2.4 手自一体 豪雅版 2010款 
BH7141MY,LBERCACB9BX051960,现代,瑞纳,1.4 手动 GL 标准型 2010款 
SGM7141SL,LSGTC52M27Y057530,雪佛兰,乐风,1.4 手动 SL 基本版 2006款 
TV7164GMD,LFMAP22C4C0411633,丰田,花冠,1.6 手动 经典版 2010款 
DC7165DTAM,LDCC13L27C1176837,雪铁龙,世嘉,1.6 手动 品尚型 2012款 
BH7167MX,LBEHDAEB1AY433821,现代,伊兰特,1.6 手动 舒适型 2010款 
SGM7206ATA,LSGGA53YXCH198171,别克,君威,2.0 手自一体 舒适版 2012款 
SVW6451DFD,LSVUD65N7B2591803,大众,途观,2.0TSI 手自一体 四驱菁英版 2010款 
TV7180GLX-I,LTVBR22E540006661,丰田,花冠,1.8 自动 GLX-i 2004款 
DFL7163AB,LGBK22E70BY256754,日产,骊威,1.6 手动 GT 炫能型 2009款 
TV7161GLMD,LFMAPE2C5A0174598,丰田,卡罗拉,1.6 手动 GL 2007款 
EQ7230BA,LGBF1CE056R170286,日产,天籁,2.3 自动 230JK-S 舒适天窗版 2006款 
DC7163 16V,LDC733L2060421547,雪铁龙,爱丽舍,1.6 手动 SX 16V 2004款 
DFL7162ACC,LGBH12E0XCY252776,日产,轩逸,1.6 自动 XE 舒适版 2009款 
BH7164AX,LBEHDAFB89Y171273,现代,伊兰特,1.6 自动 舒适型 2008款 
SVW7144ARD,LSVGR49J592014109,大众,POLO,1.4 手动 时尚版 2007款 
FV7187TDQG,LFV3A23C593017621,大众,迈腾,1.8TSI 双离合 技术型 2009款 
FV7166ATG,LFV2A21K093026152,大众,速腾,1.6 手自一体 时尚版 2007款 
DFL7163AA,LGBK22E708Y038502,日产,骊威,1.6 手动 全能型 2009款 
SVW7166FSD,LSVNY41Z8B2498455,斯柯达,明锐,1.6 手自一体 逸杰版(节能补贴) 2012款 
CA7206AT,LFPM4ACP6B1A39471,马自达,马自达6,2.0 手自一体 精英版 2012款 
YQZ7165AE,LJDGAA220C0317196,起亚,福瑞迪,1.6 手自一体 GL 纪念版 2012款 
TV7182GL-i,LFMARE2C3B0322291,丰田,卡罗拉,1.8 无级 GL-i 2011款 
CSA7150MC,LSJA16E36AG015102,荣威,350,1.5 手动 讯驰版 2011款 
SGM6515ATA,LSGDC82D19E005266,别克,GL8,2.5 自动 GT 7座精英版 2008款 
HG7154CAM,LHGGM2534B2055257,本田,锋范,1.5 手动 精英版 2009款 
SVW7167BSD,LSVAB418092227973,大众,朗逸,1.6 手自一体 品悠版 2008款 
HG6481BAA,LHGRB3868C8021556,本田,奥德赛,2.4 自动 舒适版 2009款 
DFL7162MCC,LGBH12E23AY046956,日产,轩逸,1.6 手动 XL 豪华天窗版 2009款 
SGM7251G,LSGWL52D35S222692,别克,君威,2.5 自动 G 豪华版 2002款 
LZW6430KF,LZWADAGAXE4076030,五菱,宏光,1.2 手动 基本型7-8座 2014款 
HFC6500A3C7F,LJ16AA332E7019386,江淮,瑞风,2.0 手动 5-9座 2008款 
SVW7182HQD,LSVT413329N466717,大众,桑塔纳,1.8 手动 实尚版 2008款 
SGM7160ATB,LSGPB64U5CS199715,别克,英朗,1.6 手自一体 舒适版 2010款 
YQZ7162,LJDDAA22660050802,起亚,赛拉图,1.6 手动 GL 2005款 
TV7181GL-iD,LFMARE2C1A0255706,丰田,卡罗拉,1.8 自动 GL-i 2007款 
FV7146TATG,LFV2A21K7B3042192,大众,速腾,1.4TSI 双离合 技术版 2010款 
CSA7182MB,LSJW26H359S033100,荣威,550,1.8 手动 DVVT 超值版 2012款 
HMC6432,LH16CHH016H055023,海马,普力马,1.8 自动 7座旗舰版 2003款 
LZW6446JY,LZWADAGA6G6070572,五菱,宏光,1.5 手动 实用型7-8座 2015款 
FV7183TFCVT,LFV3A28E463003358,奥迪,A4,1.8T 无级 领先型 2006款 
LZW6442JF,LZWADAGA2EB502708,五菱,宏光,1.5 手动 舒适型7-8座 2014款 
SGM7188ATA,LSGPC54R3CF064065,雪佛兰,科鲁兹,1.8 手自一体 SE 2012款 
CAF7180A48,LVSFCFAE2CF874305,福特,福克斯,1.8 手自一体 基本型 2013款 
SVW6440FGD,LSVRR21T7B2378337,大众,途安,1.4TSI 双离合 5座智雅版 2011款 
CAF7180A38,LVSHCFAE19F372600,福特,福克斯,1.8 手自一体 时尚型 2009款 
SQR7151A210,LVVDC11B3BD194636,奇瑞,E5,1.5 手动 新悦版 2011款 
QCJ7151A5,LGXC14DF5A0180192,比亚迪,F3,1.5 手动 G-i 实用型 2007款 
BH7167AX,LBEHDAFB4AY427610,现代,伊兰特,1.6 自动 舒适型 2010款 
SVW7166ASD,LSVAM41Z292415414,斯柯达,明锐,1.6 手动 逸致版 2009款 
LZW6376C,LZWACAGA274068395,五菱,扬光,1.1 手动 经济型 8座 2006款 
TV6460GLX-i,LFMJW36F2C0152119,丰田,RAV4,2.4 自动 豪华版 2011款 
CAF7161A,LVSFDFAB1AF130629,马自达,马自达3,1.6 手自一体 标准版 2007款 
SQR7161A2H,LVVDC11B36D262424,奇瑞,A5,1.6 手动 豪华版 2006款 
SC6471A5,LS4ASJ2E4GA705726,长安商用,CX70,1.6 手动 都市型 2016款 
LZ6461AQFE,LGG7B2D19EZ056578,风行,菱智,1.6 手动 标准型 2014款 
SGM7240CWAT,LSGWS52X37S063592,别克,君越,2.4 手自一体 舒适版 2006款 
SVW7183MJi,LSVDM29F562211441,大众,帕萨特,1.8T 手动 舒适版 2005款 
HG7230,LHGCG5661Y2025724,本田,雅阁,2.3 自动 VTi-E 豪华版 1999款 
SVW7147FRD,LSVAD2189B2312184,大众,朗逸,1.4TSI 双离合 品雅版 2011款 
DC7166A 206,LDC611L3X60369178,标致,206,1.6 手动 XT 天鹅绒 2005款 
DC7165DTA,LDCC13L30A0252331,雪铁龙,世嘉,1.6 手动 时尚型 2009款 
LZ6431BQBE,LGB322E37CZ023743,风行,景逸,1.5 手动 标准型 2011款 
TV7161GLD,LFMAPE2C5A0204621,丰田,卡罗拉,1.6 自动 GL 2007款 
LZ6500BQ7LE,LGG1B3GB45P008319,风行,菱越,2.0 手动 实业版9座 2007款 
SVW7144BRD,LSVGS29J0A2042980,大众,POLO,1.4 手自一体 时尚版 2007款 
CAF7152B1,LVSHFAAL1BN156685,福特,嘉年华,1.5 手自一体 运动型 2011款 
HG6480B,LHGRB186072015540,本田,奥德赛,2.4 手自一体 标准版 2007款 
FV7187TFATG,LFV3A23C6C3049078,大众,迈腾,1.8TSI 双离合 舒适版 2012款 
SVW7164BSD,LSVGU29J3A2051036,大众,POLO,1.6 手自一体 风尚版 2007款 
SGM7143MTB,LSGJL54M4CY301256,雪佛兰,爱唯欧,1.4 手动 SE节能补贴 2011款 
DN7150,LDNM43GZ190204415,东南,V3菱悦,1.5 手动 启航版 2008款 
QCJ7100L2,LGXC14AA6A1031308,比亚迪,F0,1.0 手动 实用型 2008款 
SC6458A5,LS4ASE2E3GF059590,长安商用,欧尚,1.5 手动 时尚型7座 2016款 
DC7165DTAA,LDCC13L32C1125125,雪铁龙,世嘉,1.6 手自一体 炫音版 2013款 
SGM7184ATA,LSGPC54R7AF083098,雪佛兰,科鲁兹,1.8 手自一体 SE 2009款 
BH7140MX,LBEMCACA9AX184542,现代,雅绅特,1.4 手动 时尚型 2007款 
LZW6400C,LZWACAGA284086784,五菱,五菱之光,1.1 手动 基本型 7座 2006款 
DHW6453R4ASD,LVHRM4850C5037052,本田,CR-V,2.4 自动 VTi 豪华版 2012款 
SVW71411AR,LSVFA46R6C2053277,大众,POLO,1.4 手动 致乐版 2011款 
CAF7180N38,LVSHCAME39F368689,福特,福克斯,1.8 手动 舒适型 2009款 
HFC7150B,LJ12FKS22A4507375,江淮,和悦,1.5 手动 优雅型 2010款 
CAF7161M,LVSFDFMB79F087499,马自达,马自达3,1.6 手动 标准版 2007款 
TV7163GLM,LFMAPE2C1B0285229,丰田,卡罗拉,1.6 手动 GL 2011款 
YQZ7204A,LJDKAA242C0064037,起亚,K5,2.0 手自一体 GL 2015款 
LZW6432KF,LZWADAGA4C8141668,五菱,宏光,1.2 手动 6432K 实用型 7座 2010款 
SGM7141SE,LSGTC52M76Y067307,雪佛兰,乐风,1.4 手动 SE 舒适版 2006款 
DC7165DB,LDCC41L2190979783,雪铁龙,世嘉,1.6 手自一体 尚乐版 2010款 
SVW71612AH,LSVNR4BR4HN052452,大众,桑塔纳,1.6 手动 风尚版 2016款 
SC6449C,LS4ASB3R4CA751056,长安商用,欧诺,1.3 手动 商务基本型 2012款 
SGM6521ATA,LSGUA84B6BE039551,别克,GL8,3.0 手自一体 GT 豪雅版 2011款 
SVW71611KS,LSVFF26RXC2029084,大众,POLO,1.6 手自一体 舒适版 2013款 
SC6408D,LS4AAB3R19A066640,长安商用,长安之星,1.3 手动 基本型 2009款 
SC6449D5,LS4ASB3E6GA726503,长安商用,欧诺,1.5 手动 基本型7-8座 2014款 
CA7201MT4,LFPM4ACC491A24992,马自达,马自达6,2.0 手动 2013款 
SVW7167KSD,LSVAK2187B2329121,大众,朗逸,1.6 手自一体 品雅版 2011款 
DFL6430VBC2,LGBL2AE03BS021995,日产,逍客,2.0 无级 XV 雷 两驱 2011款 
TV7162GL-iD,LFMAP90A290030222,丰田,威驰,1.6 自动 GL-i 特别纪念版 2008款 
SVW7144CLI,LSVFB49J662004412,大众,POLO,1.4 自动 豪华版 2004款 
HG7241A,LHGCP267X88035639,本田,雅阁,2.4 自动 LX 2010款 
DXK6470AS1F,LVZA53P98GC583376,东风小康,风光,1.5T 手动 舒适型 2016款 
SVW7203API,LSVCG49F542265124,大众,帕萨特,2.0 手动 基本版 2003款 
SGM7169ATA,LSGPC54U29F007692,雪佛兰,科鲁兹,1.6 手自一体 SL 2009款 
DC7164C 307,LDC923L3760377809,标致,307,1.6 手自一体 XS 天窗版 2006款 
DC7163DT,LDC703L2X90950632,雪铁龙,爱丽舍,1.6 手动 科技型 2012款 
LZW6430JF,LZWADAGA0E4076344,五菱,宏光,1.5 手动 基本型7-8座 2013款 
SY6513U1S1BH,LSYBCAAA8AK147606,金杯,海狮,2.0 手动 快运王 标准顶商务型4G20B 6-9座 2014款 
DFL7165VAK1,LGBG22E05CY103569,日产,骐达,1.6 无级 XE 舒适型 2011款 
SGM7160MTB,LSGPB64U0BS164157,别克,英朗,1.6 手动 进取版 2010款 
BH7200M,LNBSCCBH33X005972,现代,索纳塔,2.0 手动 GL 标准型 2003款 
FV7162F,LFV2A11J473063610,大众,宝来,1.6 手动 时尚版TL 2006款 
DC7164BB,LDC931L24A1300620,标致,307,1.6 手自一体 豪华版 2010款 
HG6482BAC5A,LHGRC3889G8040573,本田,奥德赛,2.4 无级 舒适版 2015款 
HG7201,LHGCM462052009316,本田,雅阁,2.0 自动 2004款 
DC7164DTAM,LDC933L27C1081411,标致,307,1.6 手动 舒适版 节能补贴 2010款 
DFL7151MAK1,LGBP12E24BY022517,日产,阳光,1.5 手动 XE 舒适版 2011款 
DN7160H3,LDNH4LGE670139086,三菱,蓝瑟,1.6 手动 舒适版 2006款 
SVW71611DS,LSVFD66R6B2123104,大众,POLO,1.6 手自一体 致尚版 2011款 
SGM7166SE,LSGSJ82N36Y054131,雪佛兰,赛欧,1.6 手动 SE 舒适版 2005款 
SGM7250G,LSGWL52D12S180986,别克,别克,2.5 自动 G 2000款 
DFL7163BB,LGBK22E50AY561149,日产,骊威,1.6 手动 劲锐版 GX 标准型 2009款 
HG7232,LHGRA685932001802,本田,奥德赛,2.3 自动 舒适版 2002款 
SGM7120MT,LSGSA52S0BY139510,雪佛兰,赛欧,1.2 手动 温馨版 2010款 
LZ6502BQ7LE,LGB2AAE33AZ010347,风行,菱智,2.0 手动 7座加长轴距舒适型 2014款 
GTM7251GB,LVGBF53K3CG031642,丰田,凯美瑞,2.5 手自一体 G 豪华版 2012款 
SGM7200,LSGWG52Z24S258128,别克,君威,2.0 手动 GL 豪华版 2003款 
SVW7166DSD,LSVNW41Z2A2731959,斯柯达,明锐,1.6 手自一体 逸致版 2010款 
SVW6451HED,LSVUH65N0C2057967,大众,途观,1.8TSI 手自一体 四驱风尚版 2012款 
HG7203A,LHGCP167282002843,本田,雅阁,2.0 自动 庆典版 2010款 
LZW6376A3,LZWACAGA798169878,五菱,扬光,1.1 手动 基本型 8座 2007款 
SVW71411BR,LSVFB66R6C2050436,大众,POLO,1.4 手自一体 致尚版 2011款 
CSA7182MC,LSJW26H38CS043997,荣威,550,1.8 手动 DVVT 经典版风尚型 2013款 
BH7160A,LBEPCCAK15X174503,现代,伊兰特,1.6 自动 标准型 2005款 
SVW72010EJ,LSVCE6A40BN192946,大众,帕萨特,2.0TSI 双离合 御尊版 2011款 
LZW6446KAY,LZWADAGA3G6040901,五菱,宏光,1.2 手动 实用型7-8座 2015款 
FV7241CVT,LFV4A24F073046972,奥迪,A6,2.4 无级 尊贵型 2006款 
TV7250RoyalA,LFMBE84B080085970,丰田,皇冠,2.5 手自一体 5周年纪念版 2008款 
SVW7144CRD,LSVNR49JX92042611,大众,POLO,1.4 手动 雅适版 2008款 
FV7166FAAGG,LFV2A21K9C4042917,大众,速腾,1.6 手自一体 时尚版 2012款 
YQZ7130,LJDBAA33430041185,起亚,千里马,1.3 手动 GL-1 2002款 
DC7164CTA 307,LDC933L2380721112,标致,307,1.6 手自一体 豪华版 2010款 
DC7164DTA 307,LDC933L35A0232273,标致,307,1.6 手自一体 舒适版 2010款 
HMC7180,LH17CHJF33H024189,海马,323,1.8 手动 舒适版 2002款 
HG7131,LHGGD652632036791,本田,飞度,1.3 手动 2004款 
SGM7241ATA,LSGGA53X7AH168775,别克,君威,2.4 手自一体 舒适版 2009款 
CA7230AT,LFPH5ABC459015248,马自达,马自达6,2.3 手自一体 技术天窗版 2004款 
BH7203AY,LBENFAKC7AX061580,现代,索纳塔,2.0 手自一体 GLS 豪华型 2009款 
DFL7151VAK2,LGBP12E03BY033541,日产,阳光,1.5 无级 XL 豪华版 2011款 
YQZ7131,LJDBAA33250148710,起亚,千里马,1.3 手动 2004款 
TV7180GL-iM3,LFMAC22C470822290,丰田,花冠,1.8 手动 GL-i 2005款 
DFL7162MCB,LGBH12E26AY043680,日产,轩逸,1.6 手动 XE 舒适版 2009款 
TV7160GD,LFMAP22C6A0161292,丰田,花冠,1.6 自动 G 2007款 
DFL7161AC,LGBG22E06BY302306,日产,骐达,1.6 手动 时尚NISMO运动版 2009款 
BH7162AW,LBEXDAFB77X502665,现代,伊兰特,1.6 自动 舒适型 2007款 
SVW7167JSD,LSVAJ4186A2401875,大众,朗逸,1.6 手动 品雅版 2011款 
SGM7160TATB,LSGPB64E0AS079004,别克,英朗,1.6T 手自一体 时尚运动版 2010款 
DFL7151MAK2,LGBP12E27BY018493,日产,阳光,1.5 手动 XL 豪华版 2011款 
QCJ6480S,LGXC14CG1C1072238,比亚迪,S6,2.0 手动 豪华型 2014款 
CAF7163A4,LVSHCFDB4CE012266,福特,福克斯,1.6 双离合 舒适型 2012款 
SGM7247ATA,LSGGF53W9CH131206,别克,君越,2.4 SIDI 手自一体 舒适版 2012款 
DFL7162ACB,LGBH12E06AY126511,日产,轩逸,1.6 自动 XE 舒适版 2009款 
SQR7160M117,LVVDC11B2AD200182,奇瑞,A3,1.6 手动 标准版 2008款 
BH7164MX,LBEHDAEB69Y177977,现代,伊兰特,1.6 手动 舒适型 2008款 
DFL7200VCC,LGBH1AE04AY128719,日产,轩逸,2.0 无级 XL 豪华版 2009款 
SGM6517 GL8,LSGUD82C07E016762,别克,GL8,3.0 自动 LT 7座豪华版 2006款 
LZW6407BAF,LZWACAGA6E6046627,五菱,荣光,1.2 手动 舒适型 7-8座 2011款 
SC6399E3S,LS4AAB3D4AA080928,长安商用,长安之星,1.0 手动 基本型 2009款 
DC7237DT,LDCA13R45B2049237,雪铁龙,C5,2.3 手自一体 尊驭型 2012款 
YQZ7162A,LJDDAA22870120429,起亚,赛拉图,1.6 自动 GL 2005款 
SVW7144PRi,LSVGG49J172035901,大众,POLO,1.4 手动 时尚版 2006款 
SY6483N2,LSYBCAAA27K003011,金杯,锐驰,2.2 手动 标准型9座 2007款 
SVW7207DPD,LSVAF4187B2325960,大众,朗逸,2.0 手自一体 品雅版 2008款 
SC6449D4,LS4ASB3EXEA612761,长安商用,欧诺,1.5 手动 运动豪华型 2012款 
LZ6461VQ15M,LGG7B2D19GZ021851,风行,菱智,1.5 手动 标准型7座 2017款 
SVW7182HQi,LSVTN13388N664553,大众,桑塔纳,1.8 手动 实尚版 2008款 
CA7201AT3,LFPH4ABC791A26772,马自达,马自达6,2.0 手自一体 超豪华版 2010款 
MR7181,L6T7844S9AN015922,帝豪,EC7,1.8 手动 标准型 2010款 
LZW6389BQY,LZWACAGA3GC023780,五菱,五菱之光,1.2 手动 实用型7座 2015款 
SVW6451GED,LSVUG65N5C2068479,大众,途观,1.8TSI 手自一体 都会版 2012款 
SGM7163ATA,LSGJT62U68S061596,别克,凯越,1.6 自动 豪华导航版 2008款 
LZ6510VQ16M,LGG7B2D28GZ027844,风行,菱智,1.6 手动 标准型7座 2016款 
SVW7203UPD,LSVE349F8B2450933,大众,帕萨特,2.0MFI 手动 尊享版 2009款 
CSA7150MCT,LSJA16E39CG041938,荣威,350,1.5 手动 新禧超值版 2012款 
SGM7186ATA,LSGPB54R7BS109968,别克,英朗,1.8 手自一体 豪华版 2010款 
CAF7152B,LVSHFAAL69N022233,福特,嘉年华,1.5 手自一体 运动型 2011款 
BJ7302L,LE4HG5EB6CL065616,奔驰,E级,3.0 手自一体 时尚型 2010款 
CA7200AT,LFPH4ABC659011656,马自达,马自达6,2.0 手自一体 豪华天窗版 2004款 
FV7207TFATG,LFV3A23C9C3036146,大众,迈腾,2.0TSI 双离合 尊贵版 2012款 
SVW7144QRi,LSVGH49J772037312,大众,POLO,1.4 手自一体 时尚版 2006款 
SQR7151A217,LVVDC11B39D208559,奇瑞,旗云,1.5 手动 华贵版 2010款 
BJ6442L4SMB,LNBMDLAA3GR712543,威旺,M35,1.5 手动 标准型7-8座DAM15 2016款 
LZW7080,LZWADAGA874011115,雪佛兰,乐驰,0.8 手动 2004款 
TV7181GL-iMD,LFMARE2C0A0267118,丰田,卡罗拉,1.8 手动 GL-i 2007款 
GTM7200EB,LVGBH42K3CG705245,丰田,凯美瑞,2.0 自动 200E 精英版 2010款 
TV7180GLX-iM3,LFMAC22C370819171,丰田,花冠,1.8 手动 GLX-i 2005款 
DFL7201AC,LGBL2AE03AY062624,日产,逍客,2.0 手动 20S 火 两驱 2008款 
SVW7148ARD,LSVFA455892080486,斯柯达,晶锐,1.4 手动 晶灵版 2011款 
SGM6515 GL8,LSGDC82DX6E016925,别克,GL8,2.5 自动 LT 7座豪华版 2005款 
SVW7166BSD,LSVAN41Z592414464,斯柯达,明锐,1.6 手自一体 逸致版 2009款 
DHW6451R1ASD,LVHRM1810C5016472,本田,CR-V,2.0 自动 LXi 都市版 2012款 
SGM7165SE,LSGSJ52N15Y016619,雪佛兰,赛欧,1.6 手动 SE 舒适版 2005款 
SVW7144GLi,LSVAA49J862006160,大众,POLO,1.4 手动 豪华版 2003款 
SQR7161M117,LVVDC11B2BD056053,奇瑞,A3,1.6 手动 进取版 2011款 
FV7146TG,LFV2A11K9B3046027,大众,速腾,1.4TSI 手动 技术版 2010款 
DFL7151VAK1,LGBP12E00BY035506,日产,阳光,1.5 无级 XE 舒适版 2011款 
SGM7185ATA,LSGPB63R9AS068202,别克,英朗,1.8 手自一体 时尚版 2010款 
HMC7162AE3A,LH17CKKF29H113689,海马,福美来,1.6 手动 GLS 豪华版 2006款 
HG6480,LHGRB184162013941,本田,奥德赛,2.4 手自一体 基本型 2006款 
SGM7240GS,LSGWT52X36S143650,别克,君越,2.4 手自一体 精英版 2006款 
FV7162 E4,LFV2A11J253013804,大众,宝来,1.6 手动 基本版 2005款 
BH7141AY,LBERCADB6BX069444,现代,瑞纳,1.4 自动 GS 舒适型 2010款 
YQZ7164,LJDDAA12990026483,起亚,赛拉图,1.6 手动 GL 2008款 
SGM7187MTA,LSGVA54R0CY114132,雪佛兰,景程,1.8 手动 SL 致真版 2010款 
SVW7183AGI,LSVBCGC21YC028192,大众,帕萨特,1.8 手动 GLi 2000款 
GTM7240V-NAVI,LVGBE40K08G218040,丰田,凯美瑞,2.4 手自一体 240V Navi 至尊导航版 2007款 
SVW7168DSD,LSVFD455XA2159850,斯柯达,晶锐,1.6 手自一体 晶享版 2011款 
DC7205,LDCC43X3170497214,雪铁龙,凯旋,2.0 手动 精英型 2007款 
FV7207TRATG,LFV3A23C2C3807577,大众,CC,2.0TSI 双离合 尊贵版 2010款 
FV7166,LFV2A11K563001284,大众,速腾,1.6 手动 时尚版 2006款 
EQ6400LF20,LVZZ42F96EA545526,东风小康,K系列,1.0 手动 实用型 2016款 
GTM6480ASL,LVGDA46A9BG113667,丰田,汉兰达,2.7 手自一体 两驱7座豪华版 2009款 
GTM7200G,LVGBH42K77G028741,丰田,凯美瑞,2.0 自动 200G 豪华版 2007款 
ZN1031U2G,LJNTGU2G75N007395,日产,D22皮卡,2.4 手动 两驱标准型750公斤 2002款 
SQR7080,LSJDB12A84D022901,奇瑞,QQ,0.8 手动 舒适Ⅰ版 2004款 
HFC6460M,LJ16AK233A4410582,江淮,和悦,1.8 手动 尊逸型 7座 2011款 
CAF7163M4,LVSHCFMB3CE010895,福特,福克斯,1.6 手动 舒适型 2012款 
LZ6461AQDE,LGG7B2D15EZ027949,风行,菱智,1.5 手动 标准型I 2014款 
CAF6490A52,LVSHFCACXGH143807,福特,锐界,2.0GTDi 手自一体 两驱铂锐型 2015款 
SVW7167LSD,LSVAL218XB2322368,大众,朗逸,1.6 手动 品雅版 2011款 
GTM7201GB,LVGBH51K6CG014525,丰田,凯美瑞,2.0 手自一体 G 豪华版 2012款 
CAF7163B4,LVSHCADB3CE003271,福特,福克斯,1.6 双离合 舒适型 2012款 
SVW7183TJD,LSVEU49F5A2604901,大众,帕萨特,1.8T 手动 尊享型 2011款 
LZW6381B3,LZWACAGA494140250,五菱,鸿途,1.2 手动 标准型 8座 2007款 
CAF7200AC3,LVSFBFAC57F140961,福特,蒙迪欧,2.0 自动 GLX 经典型 2006款 
YQZ7142,LJDLAA298C0079920,起亚,K2,1.4 手动 GL纪念版 2012款 
SVW7144ARi,LSVGL49J882027856,大众,POLO,1.4 手动 时尚版 2007款 
TV7250S4SP,LFMBE22D480126893,丰田,锐志,2.5S 手自一体 舒适版 2009款 
SVW7207CPD,LSVAE4181B2324337,大众,朗逸,2.0 手动 品悠版 2008款 
BH7200MW,LBEEFAJB57X189141,现代,索纳塔,2.0 手动 GL 标准型 2005款 
SGM6531UAAA,LSGUA84WXGE024481,别克,GL8,2.4 手自一体 CT 舒适版 2014款 
FV7146FBDGG,LFV2A21K1C4076334,大众,速腾,1.4TSI 双离合 时尚版 2012款 
SQR7160T117,LVVDB11B4AD221019,奇瑞,瑞虎,1.6 手动 经典版舒适型(改款) 2012款 
TV7180GLX-i3,LTVBR22E650679203,丰田,花冠,1.8 自动 GLX-i 2005款 
FV7164FG,LFV2B11K4B3218073,大众,高尔夫,1.6 手动 时尚版 2010款 
EQ6361PF6,LGK022K62C9416051,东风小康,V系列,1.0 手动 基本型AF10-06 2011款 
BJ6400L3R,LNBMDLAAXER351356,威旺,306,1.3 手动 基本型 2011款 
DHW7182FBASD,LVHFB2643C5055343,本田,思域,1.8 自动 LXi 经典版 2014款 
TV7251Royal,LFMBEK4B8C0082191,丰田,皇冠,2.5 手自一体 Royal 真皮版 2010款 
FV7166AT,LFV2A21K473033084,大众,速腾,1.6 手自一体 时尚版 2006款 
HFC7180M,LJ12GKS39A4413970,江淮,和悦,1.8 手动 标准型 5座 2010款 
FV7166FAMGG,LFV2A11K1C4043554,大众,速腾,1.6 手动 时尚版 2012款 
FV7206,LFV3A11K263004048,大众,速腾,2.0 手动 时尚版 2006款 
DXK6460AF1F,LVZA53P98GC587895,东风小康,风光,1.5 手动 精英居家版5座 2016款 
SGM7142MT,LSGSA52M8BY137800,雪佛兰,赛欧,1.4 手动 幸福版 2011款 
FV7207TDQG,LFV3A23C7A3031573,大众,迈腾,2.0TSI 双离合 舒适版 2009款 
SGM7165SL,LSGSJ52N56Y046062,雪佛兰,赛欧,1.6 手动 SL 基本版 2005款 
SC7151A,LS5A2ABE0AA538431,长安,悦翔,1.5 手动 基本版 2009款 
SVW7183DJI,LSVCC49F932271423,大众,帕萨特,1.8T 手自一体 豪华增值版 2003款 
FV7204TATG,LFV3B21K8A3222734,大众,高尔夫,2.0TSI 双离合 2012款 
CAF7250A,LVSHBFAD05F056044,福特,蒙迪欧,2.5 手自一体 Ghia-Ltd 旗舰型 2004款 
QCJ7100L,LGXC14DAXA1011039,比亚迪,F0,1.0 手动 铉酷型 2012款 
ZN6441V1A4,LJNMDV1L5CN148397,日产,NV200,1.6 手动 基本型 2010款 
HMC7162A,LH17CKKF26H032882,海马,福美来,1.6 手动 GLX 舒适版 2006款 
CAF7162A,LVSFDFAB5CN542187,马自达,马自达3,1.6 手自一体 精英版 2013款 
DFL7163BC,LGBK22E559Y512976,日产,骊威,1.6 手动 劲锐版 GX 标准型 2010款 
TV7250V3S,LFMBE22D760039518,丰田,锐志,2.5V 手自一体 天窗版 2005款 
DC7141RPC,LDC131D2260371016,雪铁龙,富康,1.4 手动 典约版 2005款 
DC7205DTC,LDCC13X28A1281183,雪铁龙,世嘉,2.0 手动 品悦型 2012款 
BH7200A,LBESCCBK44X074774,现代,索纳塔,2.0 自动 GLS 豪华型 2003款 
SGM7240GL,LSGWT52X97S007315,别克,君越,2.4 手自一体 豪华版 2006款 
ZN6441V1B4,LJNMDV1E7BN085769,东风风度,帅客,1.6 手动 实用型 5-7座 2010款 
FV7164FATG,LFV2B21K1A3218729,大众,高尔夫,1.6 双离合 豪华版 2010款 
DC7204C 307,LDC923X2570557602,标致,307,2.0 手动 XS 天窗版 2006款 
SVW7168HSD,LSVFH4553B2148551,斯柯达,晶锐,1.6 手自一体 晶享版 2011款 
SVW7146ARD,LSVNP41Z8A2719294,斯柯达,明锐,1.4TSI 手动 逸俊版 2012款 
LZ6431BQ4E,LGB32AE349Z009740,风行,景逸,1.8 手动 欢动型 2009款 
SQR7162T110,LVVDB11B7CD169890,奇瑞,瑞虎,1.6 手动 DVVT 精英版舒适型(改款) 2012款 
DN6492C3P,LDND71KH170130131,东南,得利卡,2.0 手动 经典版7/9座 2006款 
DFL7200AA,LGBH1AE037Y035327,日产,轩逸,2.0 无级 XV 尊贵版 2008款 
DC7204 307,LDC913W2850194004,标致,307,2.0 手动 XT 舒适版 2004款 
TV7160GMD,LFMAP22C0A0175138,丰田,花冠,1.6 手动 G 2007款 
JX6593D2-H,LJXBHCHD38T071649,福特,全顺,2.8T 手动 长轴高顶普通型后双胎17座柴油 2006款 
SC7132,LS5W33BR76B056722,铃木,雨燕,1.3 手动 舒适版 2005款 
DC7146A 206,LDC611P2780714915,标致,206,1.4 手动 XR Super S 炫动版 2006款 
SVW6451CED,LSVUC65N9A2874334,大众,途观,1.8TSI 手自一体 四驱风尚版 2010款 
LZW6410BCF,LZWACAGA0EA060424,五菱,荣光,1.2 手动 基本型7-8座 2014款 
DN7150MA,LDNM43GZ8A0278483,东南,V3菱悦,1.5 手动 旗舰导航版 2010款 
TV7162GL-iMD,LFMAP90A290027739,丰田,威驰,1.6 手动 GL-i 标准版 2008款 
SVW7148BRD,LSVFB4556A2164727,斯柯达,晶锐,1.4 手自一体 晶灵版 2011款 
DC7164 307,LDC913L2350197512,标致,307,1.6 手自一体 Prestige 2004款 
EQ6361PF,LGK022K61A9253258,东风小康,K系列,1.0 手动 创业先锋7-8座 2007款 
HG7154CBAS,LHGGM2632C2016697,本田,锋范,1.5 自动 风尚型精英版 2014款 
FV7147TATG,LFV2A23C8B3017209,大众,迈腾,1.4TSI 双离合 标准版 2011款 
CAF7152N1,LVSHFAML3CN212980,福特,嘉年华,1.5 手动 运动型 2011款 
ZN1033U2G4,LJNTGU2G4FN106192,日产,D22皮卡,2.4 手动 两驱标准型400公斤 2007款 
QCJ7152A,LGXC16DFXB0141899,比亚迪,G3,1.5 手动 GL-i 舒雅型 2010款 
YQZ7161,LJDBAA34830037536,起亚,千里马,1.6 手动 2004款 
SC7132C,LS5W3ADR0AB072657,铃木,雨燕,1.3 自动 豪华版 2006款 
SC7132B,LS5W3ABR29B046902,铃木,雨燕,1.3 手动 舒适版 2006款 
SGM7203MTA,LSGVU54Z69Y066409,雪佛兰,景程,2.0 手动 行政版 2007款 
DHW7243CUASB,LVHCU2620A5017478,本田,思铂睿,2.4 手自一体 VTI 豪华版 2013款 
TV7181GLX-i,LFMARE0C180082914,丰田,卡罗拉,1.8 自动 GLX-i 2007款 
DXK6470ASF,LVZA53P9XGC605944,东风小康,风光,1.8 手动 精英型 2016款 
BJ6453A3,LE4GG8BB3CL172589,奔驰,GLK级,3.0 手自一体 动感型 2012款 
FV7162FAT,LFV2A21J073029816,大众,宝来,1.6 自动 时尚版TL 2006款 
FV7164FAAGG,LFV2B21K7C3240589,大众,高尔夫,1.6 手自一体 时尚版 2012款 
TV7250RoyalAD,LFMBE84B890125942,丰田,皇冠,2.5 手自一体 Royal 导航版 2007款 
HFC6460RA1C7V,LJ166A222G2228203,江淮,瑞风,1.6 手动 豪华型 2015款 
GTM6481ASL,LVGDC46A7CG405796,丰田,汉兰达,2.7 手自一体 两驱7座豪华版 2011款 
LZW6376E,LZWACAGA171026057,五菱,五菱之光,1.0 手动 经济型 7座 2006款 
SVW7182KFI,LSVJH133942134280,大众,桑塔纳,1.8 手动 超越者 经典版 2004款 
LZW6455JY,LZWADAGA1G4015068,五菱,宏光,1.5 手动 标准型7-8座 2015款 
NJ7151,LNPFPGAC138545912,菲亚特,派力奥,1.5 手动 HL SUNROOF 2004款 
DC7163BT,LDC703L23A0272522,雪铁龙,爱丽舍,1.6 手动 科技型 2011款 
SVW7164ASD,LSVGT49J792024464,大众,POLO,1.6 手动 风尚版 2007款 
LZ6511MQ20M,LGG7B2D24GZ009356,风行,菱智,2.0 手动 加长轴距豪华型7座 2015款 
CC6460KM07,LGWEF3A5X9B054933,长城,哈弗H3,2.0 手动 锐意版豪华版 2009款 
DHW7183FBASD,LVHFB2677C5049779,本田,思域,1.8 自动 VTi 豪华版 2014款 
SVW6451BED,LSVUB65N7B2593878,大众,途观,1.8TSI 手自一体 两驱菁英版 2010款 
TV6460DLX,LFMKV36FXC0140338,丰田,RAV4,2.0 自动 经典版 2011款 
SQR7162A15,LVVDA11A86D114184,奇瑞,旗云,1.6 手动 标准版 2006款 
HFC7150B1F,LJ12FKS29E4516175,江淮,和悦,1.5 手动 商务版豪华型 2014款 
SVW7146BRD,LSVNR41Z4B2465482,斯柯达,明锐,1.4TSI 双离合 逸俊版 2012款 
TV7161GL,LFMAPE2C680047322,丰田,卡罗拉,1.6 自动 GL 2007款 
QCJ7150A6,LGXC16DF4B0115590,比亚迪,F3,1.5 手动 智能白金版 GLX-i Navi 智能型 2009款 
SC7162A4,LS5A33BE88B062846,铃木,天语SX4,1.6 手动 标准版 2007款 
SVW7166ASi,LSVAK41Z382118303,斯柯达,明锐,1.6 手动 逸仕版 2007款 
LZ6512AQ3S,LGB2AAE3XAZ009566,风行,菱智,2.0 手动 长轴标准型7座 2008款 
GTM7161GB,LVGCU9233CG082389,丰田,雅力士,1.6E 自动 魅动版 2011款 
HFC7130AG3,LJ12FKR1594209251,江淮,同悦,1.3 手动 标准型 2008款 
SGM6520UYAA,LSGUD84X5EE025275,别克,GL8,2.4 手自一体 经典版 2014款 
FV7160FG,LFV2A11G9A3063324,大众,捷达,1.6 手动 CIF 伙伴 2010款 
SGM7161MTA,LSGJS52U48H094722,别克,凯越,1.6 手动 LX 基本版 2007款 
CSA7250AA-GD,LSJW16N327J024977,荣威,750,2.5 自动 典雅版 2007款 
CC6460RM00,LGWEF3A59CF024242,长城,哈弗H6,2.0 手动 两驱都市版 2011款 
CSA7184MC,LSJW24H33AS106599,MG,MG6,1.8 手动 舒适版 2012款 
SVW7206FPD,LSVNF41Z2C2049893,斯柯达,明锐,2.0 手自一体 逸杰版 2014款 
FV7251BBCWG,LFV5A24G2C3006576,奥迪,A6,2.5FSI 无级 30FSI 技术型 2012款 
SGM7203ATA,LSGVV54Z58Y088218,雪佛兰,景程,2.0 自动 SE 2007款 
LZW6358E3,LZWACAGA887013370,五菱,兴旺,1.0 手动 经济型 8座 2007款 
SGM7160SLXAT,LSGSJ52N32S185796,别克,赛欧,1.6 自动 SLX 豪华型 2002款 
CAF7152M1,LVSHFFML0BN160106,福特,嘉年华,1.5 手动 光芒限定版 2010款 
SGM7141ATA,LSGTC54M89Y043700,雪佛兰,乐风,1.4 自动 SL 基本版 2009款 
SY6513X5S1BH,LSYBCAAA4CK000024,金杯,海狮,2.0 手动 快运王 标准顶商务型4G19 6-9座 2014款 
FV7187TRATG,LFV3A23C5B3808463,大众,CC,1.8TSI 双离合 尊贵版 2011款 
BJ7161,LE4GF4FB5BL141428,奔驰,C级,1.6T 手自一体 经典型 2010款 
YQZ7162EFJ,LJDDAA223C0498555,起亚,赛拉图,1.6 手动 GL 节能补贴 2010款 
CAF7162M,LVSFDFMB8CN527288,马自达,马自达3,1.6 手动 精英版 2013款 
DFL7160AC,LGBG12E219Y610742,日产,颐达,1.6 手动 J 时尚型 2008款 
CA7201MT,LFPH4ABC669009875,马自达,马自达6,2.0 手动 舒适版 2006款 
FV7164 E4,LFV2B11J263022081,大众,高尔夫,1.6 手动 时尚版 2005款 
JX6593D-M,LJXBMCHD38T052045,福特,全顺,2.8T 手动 长轴中顶普通型17座柴油 2006款 
BJ7181VF,LE4GF4JB5CL169108,奔驰,C级,1.8T 手自一体 优雅型 2011款 
HG7154DAA,LHGGE887292023979,本田,飞度,1.5 自动 豪华版 2008款 
SGM7244ATA,LSGGA53W4BH292821,别克,君威,2.4SIDI 手自一体 舒适版 2011款 
LZ6472MQ16M,LGG7B2D13GZ015141,风行,菱智,1.6 手动 标准型7座 2015款 
EQ7230AA,LGBF1CE005R120099,日产,天籁,2.3 自动 230JK 天窗版 2004款 
CA7165AT4,LFPH3ACC9B1D85967,奔腾,B50,1.6 手自一体 时尚型 2012款 
SGM7160SCXAT,LSGSJ82N34Y011146,别克,赛欧,1.6 自动 SCX 天窗豪华型 2002款 
SVW7203EPi,LSVDN49F082537174,大众,帕萨特,2.0MFI 手动 标准版 2006款 
SC6397C5,LS4AAB2D4GA503033,长安商用,长安之星,1.0 手动 基本型7-8座 2015款 
JX6546DE-M,LJXCMCHC48T041230,福特,全顺,2.8T 手动 长轴中顶普通型5-9座柴油 2006款 
SVW7164EMI,LSVFC49J342028855,大众,POLO,1.6 手动 舒适版 2002款 
LZ6460MQ15M,LGG8E2D19GZ411649,风行,S500,1.5 手动 标准型 2016款 
SVW7206EPD,LSVNE41Z8A2730429,斯柯达,明锐,2.0 手动 逸杰版 2014款 
SVW7144RRi,LSVNG49J372033526,大众,POLO,1.4 手动 雅适版 2006款 
BJ6440BKV1A,LNBMDLAA7EU052808,威旺,M20,1.5 手动 实用型 2013款 
LZW6407BVF,LZWACAGA7A7074909,五菱,荣光,1.2 手动 基本型 5座 2008款 
CSA7181AB,LSJW26G399S024756,荣威,550,1.8T 手自一体 品仕版 2012款 
LZW6372,LZWACAGA261081020,五菱,五菱之光,1.3 手动 标准型 5-8座 2005款 
TV7150GL-iM3E,LFMAN42A070025006,丰田,威驰,1.5 手动 GL-i 2006款 
BH6440LAY,LBELMBKC6CY208021,现代,ix35,2.0 手自一体 GL 两驱舒适型 2013款 
HG7130,LHGGD662532033766,本田,飞度,1.3 无级 2004款 
FV7144TFG,LFV2B11K1A3216635,大众,高尔夫,1.4TSI 手动 舒适版 2012款 
CAF7152A1,LVSHFFAL5CN226249,福特,嘉年华,1.5 手自一体 光芒限定版 2010款 
SGM7187ATA,LSGVA54R4AY077972,雪佛兰,景程,1.8 手自一体 SE 舒适版 2010款 
DN6493K8,LDNK78YP550112677,东南,得利卡,2.0 手动 精明者8座 2002款 
TV7181GL-i,LFMARE2C280101239,丰田,卡罗拉,1.8 自动 GL-i 2007款 
SVW7182GFI,LSVEH033322070391,大众,桑塔纳,1.8 手动 GSi 时代超人 2001款 
SVW6451JFD,LSVUJ65N9C2063187,大众,途观,2.0TSI 手自一体 四驱旗舰版 2012款 
SVW7165BNi,LSVFA45X952069248,大众,高尔,1.6 手动 四门基本版 2003款 
ZN6494H2G4,LJNMFE2GXCN041048,东风风度,锐骐,2.4 手动 两驱标准型 2008款 
DXK6440AFF,LVZA42F98GC553440,东风小康,风光,1.3 手动 基本型7-8座 2013款 
LZW6360Ei1,LZWACAGAX75036160,五菱,兴旺,1.0 手动 基本型 8座 2005款 
LZ6500BQ9LE,LGB2AAE3X6P002278,风行,菱通,2.0 手动 进取版7-9座 2005款 
SVW7148FRD,LSVFF4559B2155851,斯柯达,晶锐,1.4 手自一体 酷炫版 2011款 
EQ7200D,LGBC1AE206R034138,日产,蓝鸟,2.0 手动 豪华型 2004款 
CH7140,LVFAB2AD88G026135,铃木,北斗星,1.4 手动 EC 经济版 2008款 
SVW7147ERD,LSVAC2181C2072536,大众,朗逸,1.4TSI 手动 品雅版 2011款 
DN6492C8,LDNC78YH430075566,东南,得利卡,2.0 手动 精英版8座 2003款 
SGM7145ATA,LSGTB54M9BY118316,雪佛兰,乐风,1.4 自动 SE 风尚版 2010款 
DFL6431MBC1,LGBL22E28CS013660,日产,逍客,1.6 手动 XE 风 两驱 2012款 
HFC7200C,LJ12FKT3384100618,江淮,宾悦,2.0 手动 舒适型 2007款 
BH7201DAY,LBEYFAKD5BY009379,现代,索纳塔,2.0 手自一体 TOP 顶级型 2011款 
TV7181GL-iM,LFMARE2C780088164,丰田,卡罗拉,1.8 手动 GL-i 2007款 
TV7180GL-iM,LTVBR22E350672810,丰田,花冠,1.8 手动 GL-i 2004款 
DC7164DTBM,LDC943L20C1127836,标致,408,1.6 手动 影音导航版 2012款 
DN6481E,LDNE9SMJ780012347,三菱,菱绅,2.4 手自一体 豪华版 2006款 
DC7164BTA 307,LDC933L36A0261247,标致,307,1.6 手自一体 豪华版 2010款 
SVW7164CSD,LSVNT29J3A2054898,大众,POLO,1.6 手动 雅致版 2008款 
SQR7162,LVVDA11B45D087279,奇瑞,旗云,1.6 手动 舒适版 2004款 
TV7160G,LFMAP22CX80050495,丰田,花冠,1.6 自动 G 2007款 
DHW7181C1ASD,LVHC14608C5006508,思铭,思铭,1.8 自动 2012款 
SGM7140SL,LSGTC62M97Y034588,雪佛兰,乐骋,1.4 手动 SL 基本版 2006款 
DC7163AT,LDC703L2X80792758,雪铁龙,爱丽舍,1.6 手动 科技型 2011款 
DN7180,LDNM4GGTXC0066724,三菱,翼神,1.8 手动 魅力版 2012款 
SGM7180LS AT,LSGJV52P55S189595,别克,凯越,1.8 自动 LS 旗舰版 2006款 
SC7130,LS5H2ABR93B039626,铃木,羚羊,1.3 手动 ACRC世纪星 2001款 
BJ6450L3R1B,LNBMDLAA7GR871257,威旺,307,1.2 手动 标准型7座 2016款 
FV7146FBMGG,LFV2A11K7C4033529,大众,速腾,1.4TSI 手动 时尚版 2012款 
SGM6520ATA,LSGUA84X1BE034169,别克,GL8,2.4 手自一体 CT 舒适版 2011款 
BJ6440BKV1A1,LNBMDLAA4EU034590,威旺,M20,1.5 手动 品尚型 2013款 
SGM7160SCX,LSGSJ82NX2S182704,别克,赛欧,1.6 手动 SCX 天窗豪华型 2002款 
YQZ7162EF,LJDDAA22090305447,起亚,赛拉图,1.6 手动 GL 2012款 
SVW7164USi,LSVGK49J572040100,大众,POLO,1.6 手自一体 风尚版 2006款 
DC7160AXC 16V,LDC241L2550184306,雪铁龙,富康,1.6 手动 标准型 16V 2007款 
YQZ6440A,LJDJAA146B0037130,起亚,智跑,2.0 手自一体 GL 两驱 2011款 
SVW7203FPi,LSVDP49F272273867,大众,帕萨特,2.0MFI 自动 标准版 2006款 
SC7162C4,LS5A3ADEX9B069431,铃木,天语SX4,1.6 自动 精英版 2007款 
CA7256AT,LFPM5ACP7A1A63788,马自达,马自达6,2.5 手自一体 尊贵版 2012款 
SC7150A,LS5W3ADE19B047260,铃木,雨燕,1.5 自动 炫锐版 2007款 
SVW7166BSi,LSVAL41Z682109849,斯柯达,明锐,1.6 手自一体 逸仕版 2007款 
SQR7201A2F,LVVDC14B36D108341,奇瑞,A5,2.0 手动 标准版 2006款 
HFC6470A3BE3,LJ16AA23XA7022693,江淮,瑞风,2.0 手动 标准型6-8座 2007款 
HFC6470A,LJ16AA23677008184,江淮,瑞风,2.4 手动 标准型7座 2002款 
TV7252VSP5,LFMBEC4D0B0040054,丰田,锐志,2.5V 手自一体 风尚菁英版 2010款 
DC7164DTDA,LDC953L36C1138040,标致,308,1.6 手自一体 优尚型 2012款 
EQ7202,LGBE1AE084Y005500,日产,阳光,2.0 手动 LE 2003款 
BJ7181M,LE4GF4BB5AL111575,奔驰,C级,1.8T 手自一体 标准型 2010款 
HG6480BB,LHGRB187X82040102,本田,奥德赛,2.4 手自一体 普通版 2008款 
SVW6440EGD,LSVRP61T7B2399976,大众,途安,1.4TSI 手动 5座风尚版 2013款 
SQR7160M127,LVVDB11B9AD183500,奇瑞,A3,1.6 手动 标准版 2009款 
HFC6500A1C8,LJ16AA33X67010338,江淮,瑞风,2.4 手动 加长型7座 2006款 
TV7182GL-iM,LFMARE2C2A0302869,丰田,卡罗拉,1.8 手动 GL-i 2011款 
GTM6481ASLE,LVGDC46A6EG557975,丰田,汉兰达,2.7 手自一体 两驱7座豪华导航版 2012款 
HFJ6370E,LKHGF1AH99AC40441,哈飞,民意,1.1 手动 8座 2005款 
LZW7150ADF,LZWAEAGA6C8705592,宝骏,630,1.5 手动 标准型 2011款 
SVW7203VPD,LSVE449F3A2620773,大众,帕萨特,2.0MFI 自动 尊享版 2009款 
CA7232AT,LFPH5ALC479019740,马自达,马自达6,2.3 手自一体 超豪华版 2006款 
HFC6500A1,LJ16AA33267013072,江淮,瑞风,2.4 手动 标准型9-11座 2005款 
DC7163 X,LDC723E2070578397,雪铁龙,爱丽舍,1.6 手动 舒适型 8V 2005款 
SVW7148PRD,LSVGK4551C2028383,斯柯达,晶锐,1.4 手自一体 晶致版 2014款 
DC7146DBA,LDC611P26B1592694,标致,207,1.4 手动 驭乐型 2013款 
FV7142TXATG,LFV2A2159B3540047,大众,宝来,1.4TSI 双离合 舒适版 2011款 
TV7165GL-iD,LFMAP92A3B0075754,丰田,威驰,1.6 自动 GL-i 天窗版 2011款 
DN7152MAS,LDNM43GZ0C0435507,东南,V3菱悦,1.5 手动 旗舰版 2014款 
DC7146BBA,LDC611P29A0193671,标致,207,1.4 手动 驭乐版 2009款 
DC7148A,LDC621P2070574556,雪铁龙,C2,1.4 手动 SX 2006款 
SVW7165ANI,LSVKA45XX62073809,大众,高尔,1.6 手动 两门导入版 2003款 
FV7206AT,LFV3A21K473025720,大众,速腾,2.0 手自一体 时尚版 2006款 
DFL6430VBC1,LGBL2AE02CS089254,日产,逍客,2.0 无级 XL 火 两驱 2011款 
SC7106A4,LS5A3BBDXBA543356,长安,奔奔,1.0 手动 特别限量版 2010款 
SC7150B,LS5W3ABE9BB114146,铃木,雨燕,1.5 手动 运动版 2011款 
CAF7204A,LVSHEFAC8AF903904,沃尔沃,S40,2.0 双离合 典雅版 2012款 
SGM7141SE AT,LSGTC52M27Y056281,雪佛兰,乐风,1.4 自动 SE 舒适版 2006款 
SVW7148ERD,LSVFE4557B2146276,斯柯达,晶锐,1.4 手动 酷炫版 2011款 
DN6492C,LDNC70YH620038261,东南,得利卡,2.0 手动 精英版11座 2003款 
TV7162GL-i,LFMAP92A980006642,丰田,威驰,1.6 自动 GL-i 标准版 2008款 
YQZ7165,LJDGAA22X90006092,起亚,福瑞迪,1.6 手动 GLS 2009款 
DFL7162AA,LGBH12E057Y008135,日产,轩逸,1.6 自动 XE 舒适版 2008款 
BH7200MX,LBEEFAJB7AX258399,现代,名驭,2.0 手动 GL 舒适型 2009款 
NJ7153,LNPAXGBD138537620,菲亚特,西耶那,1.5 手动 EDX 2002款 
JX1020TS3,LEFADCD1XCHP37372,江铃,宝典,2.8T 手动 两驱柴油GL 2009款 
BH7180M,LBEPCCDH75X152845,现代,伊兰特,1.8 手动 豪华型 2005款 
CA7231AT,LFPH5ABC369002766,马自达,马自达6,2.3 手自一体 旗舰版 2006款 
YQZ7162AE3,LJDDAA22X90308985,起亚,赛拉图,1.6 自动 GL 2006款 
SGM7181LE,LSGJW82P27H052368,别克,凯越,1.8 手动 LE 舒适天窗版 2007款 
MR7131AU1,L6T7524S09N045142,全球鹰,自由舰,1.3 手动 经典版 基本型 2009款 
QCJ7160A,LGXC16DGX70218898,比亚迪,F3,1.6 手动 G-i 经济型 2005款 
TV7161GLM,LFMAPE2C280046331,丰田,卡罗拉,1.6 手动 GL 2007款 
YQZ7162C4,LJDDAA2C3D0617232,起亚,赛拉图,1.6 手动 双燃料CNG 2011款 
SGM7308ATA,LSGGF59B7BH224969,别克,君越,3.0 手自一体 旗舰版 2009款 
CAF7160,LVSFAFMB25F033269,福特,嘉年华,1.6 手动 舒适型 2004款 
FV7164,LFVBB11J443002816,大众,高尔夫,1.6 手动 时尚版 2004款 
ZN1032U2G3,LJNTGU2G4AN022303,日产,D22皮卡,2.4 手动 两驱标准型750公斤 2007款 
HG7301,LHGCM669642002412,本田,雅阁,3.0 自动 V6 2004款 
HG7151,LHGGD854552000798,本田,飞度,1.5 手动 2004款 
SQR7081S110,LVVDB12A6BD234748,奇瑞,QQ,0.8 手动 启航版 2011款 
QCJ7150A9,LGXC16DF8B0220407,比亚迪,F3,1.5 手动 GL-i 舒适型 2012款 
TV6460GL,LFMKV30F3A0042404,丰田,RAV4,2.0 自动 豪华升级版 2010款 
SVW7149ERD,LSVCE43T2C2023586,斯柯达,昊锐,1.4TSI 双离合 五周年典藏版 2012款 
EQ7202B,LGBE1AE045Y051522,日产,阳光,2.0 手动 E 2005款 
HFC6470A3F,LJ16AA239E7020827,江淮,瑞风,2.0 手动 短轴时光版 2012款 
SGM7160SL,LSGSJ52N04Y027044,别克,赛欧,1.6 手动 SL 基本版 2002款 
AUDI A6L 2.4CVT,LFVBA24B853007838,奥迪,A6,2.4 无级 行政版 2004款 
HMC7160B3S0,LH17CKJF39H269712,海马,海福星,1.6 手动 GL 标准版 2009款 
JL7153D,LB37824S69X009245,全球鹰,远景,1.5 手动 天窗导航版 2011款 
HMC7165D4S1,LH17CKKF4BH175052,海马,福美来,1.6 手动 舒适版 2011款 
FV7160CiX E3,LFV2A11G283068553,大众,捷达,1.6 手动 CIX 伙伴 2005款 
CAF7180AC1,LVSFCFAE68F263247,福特,福克斯,1.8 手自一体 时尚精英型 2007款 
SY6483N3,LSYHDAAA66K020688,金杯,锐驰,2.2 手动 经济型11座 2007款 
DN7180H,LDNH4GGT9C0061371,三菱,翼神,1.8 手动 致尚版豪华型 2011款 
SGM7209ATA,LSGGG54Y3CS116622,雪佛兰,迈锐宝,2.0 手自一体 SL 舒适版 2013款 
YQZ7140,LJDEAA29890065873,起亚,锐欧,1.4 手动 2007款 
EQ7230,LGBF1CE095R117413,日产,天籁,2.3 自动 230JM 天窗版 2004款 
BJ7182VL,LE4HG4JB0BL038300,奔驰,E级,1.8T 手自一体 优雅型 2011款 
HFC6500A1C8F,LJ16AA337C7018165,江淮,瑞风,2.4 手动 标配型5-8座 2008款 
GTM7120LPCE,LVGBP87E0GG010787,丰田,雷凌,1.2T 无级 G 精英版 2017款 
LZW6400D,LZWACAGA971085857,五菱,五菱之光,1.3 手动 经济型 7座 2006款 
SVW7148NRD,LSVGJ4554C2022726,斯柯达,晶锐,1.4 手动 晶致版 2014款 
BJ7182VXL,LE4HG4HB8BL016955,奔驰,E级,1.8T 手自一体 优雅型 2010款 
YQZ7167A,LJDLAA225C0102556,起亚,K2,1.6 自动 Premium纪念版 2012款 
DXK6440AF2F,LVZA43F99GC550620,东风小康,风光,1.5 手动 精典型7-8座 2013款 
BJ7161F,LE4GF4FBXCL186527,奔驰,C级,1.6T 手自一体 经典型 2011款 
LF6440,LCN64EE45G0022125,力帆,迈威,1.5 手动 基本型 2016款 
TV7300RoyalSln3,LTVBG864350039167,丰田,皇冠,3.0 手自一体 Royal Saloon 导航版 2005款 
HFC6500A1C8BE3,LJ16AA339A7025759,江淮,瑞风,2.4 手动 基本型5-8座 2007款 
CSA7153AC,LSJZ14E37BS036899,MG,MG3,1.5 序列变速 精英版 2011款 
DC7164D 307,LDC923L2370557989,标致,307,1.6 手自一体 XS 天窗版 2006款 
SGM7203SE,LSGVU52Z27Y046853,雪佛兰,景程,2.0 手动 SE 舒适版 2007款 
BJ6470JKV1Z,LNBMDBAH3GU084519,幻速,H3,1.5 手动 舒适型 2016款 
SVW7181LEi,LSVBU033582255890,大众,桑塔纳,1.8 手动 GLi 2007款 
SQR7080S117,LVVDB12A6AD158110,奇瑞,QQ,0.8 手动 标准版 2008款 
SZS6503B7,LL2CC32P27J012815,中顺,中顺世纪,2.2 手动 普通型9座 2006款 
LZW6390BF,LZWACAGA7B4162653,五菱,五菱之光,1.2 手动 6390B 实用型 2010款 
DC7164DTDM,LDC953L22C1145011,标致,308,1.6 手动 优尚型 2012款 
SGM7140MTB,LSGSA52M8CY269375,雪佛兰,赛欧,1.4 手动 理想版节能补贴 2011款 
HG7152,LHGGD384X52028496,本田,飞度,1.5 无级 2004款 
SC7169B,LS5A2ABE0CA516691,长安,逸动,1.6 手动 精英型 2013款 
SGM6531UAAB,LSGUA83B6FE042246,别克,GL8,3.0 手自一体 GT 豪雅版 2014款 
ZN6493H2G3,LJNMFE2G9AN010032,东风风度,锐骐,2.4 手动 两驱标准型 2006款 
YQZ6430E,LJDFAA145B0163629,起亚,狮跑,2.0 手动 GL 两驱 2013款 
SC6371A,LS4BDB3D68F110908,长安商用,运动星,1.0 手动 2001款 
SVW7167KMD,LSVNB4185FN054561,大众,朗逸,1.6 手自一体 风尚版(改款) 2013款 
HG7154DBA,LHGGE8879C2012193,本田,飞度,1.5 自动 豪华版 2011款 
SC7132A,LS5W3ADR07B041398,铃木,雨燕,1.3 自动 豪华版 2005款 
GTM7201RB,LVGBH51K9CG026636,丰田,凯美瑞,2.0 手自一体 S 耀动版 2012款 
DC7148DB,LDC621P24A0171512,雪铁龙,C2,1.4 手动 运动型 2013款 
HMC7161B,LH17CKKF87H053060,海马,福美来,1.6 无级 SDX 豪华版 2006款 
SGM7160SC,LSGSJ82NX4Y026789,别克,赛欧,1.6 手动 SC 标准版 2002款 
GTM7200E,LVGBH42KX7G034288,丰田,凯美瑞,2.0 自动 200E 精英版 2007款 
SGM7208TATA,LSGDE539XCH040199,凯迪拉克,赛威SLS,2.0T 手自一体 SIDI 精英型 2011款 
SVW71810CJ,LSVCC2A45BN284858,大众,帕萨特,1.8TSI 手自一体 尊荣版 2014款 
HG6481BBAN,LHGRB3851E8006567,本田,奥德赛,2.4 自动 豪华版 2014款 
GTM6490HNW,LVGEN56AXGG085920,丰田,汉兰达,2.0T 手自一体 四驱豪华版7座 2015款 
CA7165MT4,LFPH3ACCXA1A89497,奔腾,B50,1.6 手动 舒适型 2013款 
SVW7182CFI,LSVCH033X12056767,大众,桑塔纳,1.8 手动 GSi 时代超人 1998款 
SVW71611HS,LSVPF26R7C2053587,大众,POLO,1.6 手自一体 2012款 
SQR7150A150,LVVDA11A1BD353229,奇瑞,旗云,1.5 手动 标准版 惠民补贴 2011款 
BJ6516B1DVA-X1,LVCP2CVA4CB006189,福田,风景,2.0 手动 2010款 
BH7140MW,LBEMCACA96X001454,现代,雅绅特,1.4 手动 时尚型 2007款 
LZW6400CV,LZWACAGA082038695,五菱,五菱之光,1.1 手动 基本型 5座 2006款 
SGM7164SX,LSGTC52U57Y059112,雪佛兰,乐风,1.6 手动 SX 豪华版 2006款 
BYD6481ST6D,LC0CG4CG4G1019556,比亚迪,S7,2.0TID 双离合 豪华型 2016款 
CAF7152M,LVSHFFML19N026098,福特,嘉年华,1.5 手动 时尚型 2009款 
QCJ7152A3,LGXC16DF9A0149121,比亚迪,G3,1.5 手动 GL-i 舒雅型 2010款 
SGM7163MTA,LSGJS62U08S063685,别克,凯越,1.6 手动 豪华导航版 2008款 
SVW7168VSD,LSVGP4551C2026778,斯柯达,晶锐,1.6 手自一体 晶享版 2014款 
SVW6440ADD,LSVRM41T4A2541972,大众,途安,2.0 手动 5座舒适版 2009款 
CAF7162B,LVSFDAAB7CN548270,马自达,马自达3,1.6 手自一体 精英版 2013款 
SVW7203BPi,LSVCH49F642283533,大众,帕萨特,2.0 自动 基本版 2003款 
YQZ6430A,LJDFAA146A0095193,起亚,狮跑,2.0 手自一体 GL 两驱 2007款 
BH7162AX,LBEXDAFB2AX901782,现代,伊兰特,1.6 自动 舒适型 2006款 
LZW6440KF,LZWADAGA7EB559700,五菱,宏光,1.2 手动 舒适型7-8座 2013款 
SC7162F,LS5A3ABE6BB168045,铃木,天语SX4,1.6 手动 锐骑运动版 2012款 
TV7250V3NS,LTVBJ222X60035573,丰田,锐志,2.5V 手自一体 电子导航版 2005款 
HQ7131,LB37122S5AH007265,全球鹰,熊猫,1.3 手动 双色无敌型 2011款 
JL7152U1,LB37624S1AL039965,英伦,金刚,1.5 手动 STDX 标准型 2007款 
LZ6472AQ3S,LGB1AAE30BZ022209,风行,菱智,2.0 手动 短轴舒适型7座 2008款 
LZ6461MQ16M,LGG8E2D13GZ380253,风行,S500,1.6 手动 豪华型 2016款 
TV7150GL-i3E,LFMAN42A970024873,丰田,威驰,1.5 自动 GL-i 2006款 
SGM7181MTA,LSGJW82P09H065476,别克,凯越,1.8 手动 LE 舒适导航版 2008款 
HFC7200EF,LJ12GKS32C4003479,江淮,瑞鹰,2.0 手动 两驱 豪华版 2013款 
TV7160GM,LFMAP22C370004568,丰田,花冠,1.6 手动 G 2007款 
ZN6440V1B4,LJNMDV1EXAN009543,东风风度,帅客,1.6 手动 商用型 2010款 
TV7150GL-i3,LTVBA423560117103,丰田,威驰,1.5 自动 GL-i 2005款 
HMC6445B4,LH16CHH07BH111931,海马,普力马,1.8 无级 7座尊享版 2014款 
JX6571TA-M3,LJXBMDJD39T041936,福特,全顺,2.4T 手动 长轴中顶豪华型10-15座柴油 2007款 
SVW6440PBD,LSVRF21TXA2541957,大众,途安,1.8T 手自一体 5座智尊版 2008款 
YQZ7165A,LJDGAA227A0082311,起亚,福瑞迪,1.6 手自一体 Premium 2009款 
SVW7144HLi,LSVAB49J752003858,大众,POLO,1.4 自动 豪华版 2003款 
HG7154CBMA,LHGGM2510C2029576,本田,锋范,1.5 手动 舒适版 2012款 
BH7240AW,LBENFAND76X013914,现代,索纳塔,2.4 手自一体 豪华型 2005款 
BJ7181V,LE4GF4JB4BL140312,奔驰,C级,1.8T 手自一体 优雅型 2010款 
CH7140A,LVFAB2AD9AG020253,铃木,北斗星,1.4 手动 EC 经济版 2005款 
LZW6410PF,LZWACAGA0EA074100,五菱,荣光,1.5 手动 基本型7-8座 2014款 
SC7103A,LS5A3ADD8BB059526,铃木,奥拓,1.0 自动 豪华版 2009款 
CAF7163N4,LVSHCAMB3CE025190,福特,福克斯,1.6 手动 舒适型 2012款 
JL7152D,LB37624S5AL032419,英伦,金刚,1.5 手动 进取版 2013款 
SVW7186AJi,LSVAG21Z872332319,斯柯达,明锐,1.8TSI 手自一体 逸仕版 2007款 
SGM7161ATA,LSGJT52UX8H090915,别克,凯越,1.6 自动 LE 舒适版 2008款 
DC7146BT,LDC613P24A0264559,标致,207,1.4 手动 驭乐版 2009款 
BH7164MW,LBEHDAEB88Y012365,现代,伊兰特,1.6 手动 舒适型 2008款 
BH7180A,LBEPCCDK14X015622,现代,伊兰特,1.8 自动 豪华型 2005款 
BJ7350C,LE4FT65B377003808,克莱斯勒,300,3.5 手自一体 豪华版 2006款 
SVW7167JMD,LSVNA4181G2054661,大众,朗逸,1.6 手动 风尚版(改款) 2013款 
CC7150CE05,LGWEE2K5XBE019910,长城,C30,1.5 手动 舒适版 2012款 
CA6371III,LFB0C143XA6F14429,一汽,AV6,1.0 手动 2006款 
LZW6475ABY,LZWADAGA8GB278508,宝骏,730,1.5 手动 标准型7-8座 2016款 
BH6430AY,LBEJMBKB5AX198907,现代,途胜,2.0 手自一体 两驱舒适天窗型 2009款 
CJL6460L2AW5,L2CCA2BG7FG306134,路虎,发现神行,2.0T 手自一体 S 2016款 
DC7232DTAA,LDCB13R44C2014341,标致,508,2.3 手自一体 旗舰版 2011款 
FV7186TAT,LFV3A21K573026424,大众,速腾,1.8T 手自一体 时尚版 2006款 
GTM7180HEV,LVGBY80EXHG044583,丰田,雷凌,1.8H 无级 GS 精英版 2016款 
SQR7180A21,LVVDC11B78D089509,奇瑞,A5,1.8 手动 舒适版 2007款 
FV7160CiF E3,LFV2A11G363123850,大众,捷达,1.6 自动 CIF 春天型 2008款 
CAF7206A,LVSHGFDC9BF027674,沃尔沃,S80,2.0T 双离合 T4 智尚版 2011款 
DN7160E3,LDNJ4LAE960108956,东南,菱帅,1.6 手动 基本版 2005款 
BH7182MW,LBEHDAGB38Y007796,现代,伊兰特,1.8 手动 豪华型 2008款 
BJ6438MC6VA-P1,LVCP2GVA29A102182,福田,迷迪,1.6 手动 宜商标准型加长版 2009款 
NJ7181ZT4,LNPA7PBD39G031995,MG,MG7,1.8T 手自一体 舒适版 2009款 
SVW7149DRD,LSVCD43T5C2032365,斯柯达,昊锐,1.4TSI 手动 智雅版 2012款 
CAF6490A53,LVSHFCAC9GH155222,福特,锐界,2.0GTDi 手自一体 四驱豪锐型 2015款 
BYD7100L5A1,LC0C24AA3H0007385,比亚迪,F0,1.0 序列变速 铉酷型 2015款 
SVW7144CRi,LSVNL49J882038007,大众,POLO,1.4 手动 雅适版 2008款 
SGM7160SLX,LSGSJ52N74Y028157,别克,赛欧,1.6 手动 SLX 豪华型 2002款 
SVW7183MJD,LSVD249F8B2422595,大众,帕萨特,1.8T 手动 豪华版 2006款 
CA7207AT,LFPM4ADP2B1A66634,马自达,马自达6,2.0 手自一体 精英版 2012款 
GTM6480AL,LVGDA46A3BG120615,丰田,汉兰达,2.7 手自一体 两驱7座至尊版 2009款 
SQR7130S12,LVVDB12BX8D120298,奇瑞,A1,1.3 手动 舒适版 2007款 
DFL6460VECF,LGBM2DE449Y011217,日产,奇骏,2.5 无级 XL 豪华版 2010款 
CSA7184AC,LSJW24H38BS084326,MG,MG6,1.8 手自一体 舒适版 2012款 
SGM7163MTB,LSGTB54U9BY146245,雪佛兰,乐风,1.6 手动 SX 豪华导航版 2009款 
DC7204CTA 307,LDC933X2470683172,标致,307,2.0 手动 XT 限量版 2007款 
YQZ7200,LJDCAA24870029853,起亚,远舰,2.0 手动 GL 豪华版 2006款 
CAF7151B1,LVSFDAAL2BN040540,马自达,马自达2,1.5 自动 炫动款 超值版 2012款 
SVW7182EFI,LSVCJ033012045863,大众,桑塔纳,1.8 自动 GSi 俊杰 2000款 
TV7251RoyalNAVI,LFMBEK4B8C0074415,丰田,皇冠,2.5 手自一体 Royal 真皮导航版 2010款 
SC6382B3S,LS4AAB3D79A092311,长安商用,长安之星,1.0 手动 带空调 2008款 
DC7202 AT,LDC838W3370657150,雪铁龙,毕加索,2.0 手自一体 豪华型 2007款 
LZW6443BTY,LZWADAGA2GD047348,五菱,宏光,1.2 手动 经典款基本型7-8座 2018款 
SGM7302GS,LSGWK52C93S120305,别克,君威,3.0 自动 旗舰版 2002款 
BH6430MW,LBEJMBJA26X030822,现代,途胜,2.0 手动 两驱舒适型 2006款 
BJ6390AHZ1A,LNBMDLAA9EU003707,威旺,205,1.0 手动 乐业型 2013款 
DN6492C3PB,LDND71KHXA0151342,东南,得利卡,2.0 手动 经典版7/9座 2006款 
LZ6470XQ16M,LGG8E2D15GZ431574,风行,SX6,1.6 手动 精英型7座 2016款 
FV7162S,LFV2B11J173026964,大众,宝来,1.6 手动 时尚版TL 2007款 
BH7140AW,LBEMCADA48X078590,现代,雅绅特,1.4 自动 舒适型 2006款 
BJ6443L4SMB,LNBMDLAA0GR702536,威旺,M20,1.2 手动 经济型7-8座 2015款 
DC7166DT,LDC613L2390057100,标致,207,1.6 手自一体 驭乐版 2011款 
DN7181,LDNM4GFT6C0062493,三菱,翼神,1.8 无级 魅力版 2012款 
SVW7164KSD,LSVWU29J4C2017881,大众,POLO,1.6 手自一体 实酷版 2011款 
SQR7150A157,LVVDA11A0AD197571,奇瑞,旗云,1.5 手动 基本版 2008款 
HG7240EAA,LHGTF3851D8006500,本田,歌诗图,2.4 自动 尊享版 2012款 
HG7150,LHGGD864052003008,本田,飞度,1.5 无级 2004款 
SGM7166SL,LSGSJ82N95Y022802,雪佛兰,赛欧,1.6 手动 SL 基本版 2005款 
TV7250Royal,LFMBE85B070042517,丰田,皇冠,2.5 手自一体 Royal 2005款 
SVW6440BDD,LSVRN41T0A2533056,大众,途安,2.0 手自一体 5座舒适版 2009款 
HFJ6370H,LKHGF1AH07AC20267,哈飞,民意,1.1 手动 8座 2003款 
LZW6360Bi1,LZWACAGA861070362,五菱,兴旺,0.8 手动 经济型 8座 2005款 
QCJ7153A,LGXC16DF3B0075230,比亚迪,L3,1.5 手动 尊贵型 2011款 
CAF7202M,LVSHDFMC57F009382,马自达,马自达3,2.0 手动 标准版 2006款 
CAF7240A,LVSHEFEK38F354401,沃尔沃,S40,2.4i 手自一体 R-Design 2008款 
GAC7200B5A4,LMGBH1G52B1006494,传祺,传祺,2.0 手自一体 精英版 2011款 
BYD6481ST3M,LC0C14CF3G1026197,比亚迪,S7,1.5T 手动 豪华型 2016款 
HFJ7130,LKHBE2AL86AJ03376,哈飞,赛马,1.3 手动 标准型 2003款 
ZN6445V1A4,LJNMDV1L6EN196459,日产,NV200,1.6 无级 豪华型 2014款 
QCJ7150A,LGXC16DF080052898,比亚迪,F3,1.5 手动 白金版 实用型 2007款 
SQR7150J157,LVVDB11B1AD198993,奇瑞,风云2,1.5 手动 豪华版 2010款 
SGM7207TATA,LSGGF53F6AH183096,别克,君越,2.0T 手自一体 舒适版 2010款 
SGM7183MTA,LSGJA52P69H067388,别克,凯越,1.8 手动 导航版 2008款 
HG7154CBMS,LHGGM2539C2017749,本田,锋范,1.5 手动 风尚型精英版 2014款 
EQ6400LF22Q,LGKG42G92A9945752,东风小康,K系列,1.3 手动 3U金钻5-8座标准型 2008款 
CAF7160S,LVSFAFMB25F033241,福特,嘉年华,1.6 手动 运动型 2004款 
DXK6440AF3,LVZA43F95EC528465,东风小康,风光,1.5 手动 基本型7-8座 2014款 
DHW6495R8CRE,LVHRR8803G5011368,本田,艾力绅,2.4 无级 至尊版 2016款 
LZW6388NF,LZWACAGA9D2124808,五菱,五菱之光,1.0 手动 实用型7-8座 2013款 
SVW7168GSD,LSVFG4559B2155975,斯柯达,晶锐,1.6 手动 酷黑版 2011款 
FV7203TFCVT,LFV3A28E683000707,奥迪,A4,2.0TFSI 无级 尊享型 2006款 
YQZ7203A,LJDKAA243B0007229,起亚,K5,2.0 手自一体 DLX 2011款 
LZW6400NF,LZWACAGA5B2040059,五菱,五菱之光,1.0 手动 6400N-基本型 加长版 2010款 
DC7204DTA 307,LDC933X3390887294,标致,307,2.0 手自一体 真皮尊贵版 2007款 
JX6470T3,LEFCJDBB9BHP33783,江铃,驭胜,2.4T 手动 两驱超豪华型7座柴油版 2011款 
DN7161L,LDND4LFE070138905,三菱,蓝瑟,1.6 手自一体 舒适版 2006款 
BH7165MX,LBEFDBEBXAY021930,现代,i30,1.6 手动 舒享型 2010款 
SVW7183GJi,LSVCL49F952222905,大众,帕萨特,1.8T 手自一体 舒适版 2003款 
JX6570TA-M3,LJXCMDJD8AT043612,福特,全顺,2.4T 手动 长轴中顶经济型6-9座 2008款 
JNJ6405A,LJ8H2A5B2AB012439,众泰,008,1.3 手动 标准版 2008款 
HFJ6392BE,LKHGN1AG6BAR02795,哈飞,路尊小霸王,1.0 手动 心动版舒适型 2010款 
CJL6461L2AW5,L2CCA2BG2GG323893,路虎,发现神行,2.0T 手自一体 HSE 2017款 
SVW7206APi,LSVAA41Z972070002,斯柯达,明锐,2.0MPI 手动 逸仕版 2008款 
SQR7110,LVVDB12A75D044641,奇瑞,QQ,1.1 手动 舒适版 2003款 
SGM7160ATC,LSGPB64U7DD002789,别克,英朗,1.6 手自一体 舒适版 2013款 
GTM6490HNWN,LVGEN56A7GG087088,丰田,汉兰达,2.0T 手自一体 四驱精英版7座 2015款 
EQ6362PF,LGK022K6X89171331,东风小康,K系列,1.0 手动 创业先锋7-8座 2008款 
SGM6470TAXD,LSGLP83X1GF056220,雪佛兰,科帕奇,2.4 手自一体 四驱旗舰版7座 2015款 
BH7182AW,LBEHDAHB68Y022016,现代,伊兰特,1.8 自动 豪华型 2008款 
HG7134DBA,LHGGE6834C2017223,本田,飞度,1.3 自动 舒适版 2011款 
CC7151AMA06,LGWEE2A4XBE008561,长城,哈弗M2,1.5 手动 两驱都市版 2012款 
BH6441AY,LBELMBNC2BY108055,现代,ix35,2.4 手自一体 GLS 两驱尊贵型 2010款 
LZW6390QF,LZWACAGA0B4204287,五菱,五菱之光,1.0 手动 6390Q 实用型 2010款 
YQZ7160A,LJDBAA34430035198,起亚,千里马,1.6 自动 GLS-2 2003款 
QCJ7153A5,LGXC16DF1C0101230,比亚迪,L3,1.5 手动 舒适型 2012款 
MR7184E4,L6T7844S0CN111988,帝豪,EC7,1.8 手动 舒适型 2012款 
YQZ6442A,LJDJAA141C0091825,起亚,智跑,2.0 手自一体 两驱 GL 2015款 
DC7207DTAA,LDCA13X42C2018287,雪铁龙,C5,2.0 手自一体 尊享型 2012款 
DN7160H,LDNH4LNE630002971,东南,菱帅,1.6 手动 标准版 2003款 
BH7164AW,LBEHDAFB58Y024911,现代,伊兰特,1.6 自动 舒适型 2008款 
SVW7164JSD,LSVWT29J6C2026178,大众,POLO,1.6 手动 实酷版 2011款 
CA7204MT4,LFPH4ACC6A1A91745,奔腾,B70,2.0 手动 时尚型 2010款 
LZW1025LB3,LZWCAAGA182073826,五菱,小旋风,1.2 手动 单排 2006款 
SVW7144DRD,LSVNS29J7B2013498,大众,POLO,1.4 手自一体 雅致版 2008款 
DN7152HAS,LDNB43AZ4C0430021,东南,V3菱悦,1.5 手动 启航升级版 2011款 
SGM7161ATC,LSGPB54U4DD001805,别克,英朗,1.6 手自一体 舒适版 2012款 
SC7151DY,LS5A2ABEXCA507531,长安,悦翔,1.5 手动 运动版 2012款 
DN7161P3,LDNP4LFE260113323,三菱,蓝瑟,1.6 手自一体 豪华型运动版 2007款 
HG7300,LHGCG164912005038,本田,雅阁,3.0 自动 豪华版 2001款 
DN7150L,LDNL43NZXA0284929,东南,V3菱悦,1.5 手动 旗舰升级版 2009款 
SC7162G,LS5A3ADE9BB113182,铃木,天语SX4,1.6 自动 锐骑运动版 2012款 
SGM7201SE AT,LSGVS54Z75Y015226,雪佛兰,景程,2.0 自动 SE 舒适版 2005款 
SGM7164MTA,LSGTC52U38Y061412,雪佛兰,乐风,1.6 手动 SX SVP活力版 2008款 
SQR7160ES,LSJDA11A83D015112,奇瑞,风云,1.6 手动 EST 豪华版 2001款 
SC6371,LS4BDC1R36A044607,长安商用,运动星,1.3 手动 RGK运动风暴 2003款 
CSA7130MC,LSJZ14C35BS040324,MG,MG3,1.3 手动 舒适版 2011款 
EQ6381LF,LGKZ32G7179085698,东风小康,K系列,1.1 手动 5-8座 2005款 
SVW7203EPD,LSVD349F992333349,大众,帕萨特,2.0MFI 手动 增配版 2006款 
SQR7160T11,LVVDB11B28D140157,奇瑞,瑞虎,1.6 手动 两驱实力版 2006款 
SVW7167BMD,LSVNV4187EN070881,大众,朗逸,1.6 手自一体 运动版 2014款 
DHW6460,LVHRD584545000108,本田,CR-V,2.0 自动 i-VTEC 四驱 2004款 
TV7250V3,LTVBJ222060033850,丰田,锐志,2.5V 手自一体 2005款 
CAF7252A,LVSHGFAJ99F008703,沃尔沃,S80,2.5T 手自一体 智尚版 2009款 
ZN1035U5K5,LJNTGU5Y5HN101767,日产,纳瓦拉,2.5 手动 两驱标准版 2017款 
HMC6446D4M0,LH16CKH03CH125081,海马,普力马,1.6 手动 7座创想版 2012款 
YQZ7165E,LJDGAA22XA0100817,起亚,福瑞迪,1.6 手动 GL 纪念版 2012款 
DC7164DTBA,LDC943L33B1618375,标致,408,1.6 手自一体 影音导航版 2012款 
DFL6430MBC1,LGBL2AE25CY020251,日产,逍客,2.0 手动 XL 火 两驱 2012款 
SVW7206BPi,LSVAB41ZX82117200,斯柯达,明锐,2.0 手自一体 逸仕版 2007款 
CAF6480A,LVSFFSAF37F003640,福特,麦柯斯S-MAX,2.3 手自一体 5座时尚型 2008款 
DC7165BTA,LDCC13L29A0222879,雪铁龙,世嘉,1.6 手动 时尚型 2011款 
HG7200,LHGCF966422005176,本田,雅阁,2.0 自动 EXi 标准版 2000款 
BH6430AW,LBEJMBKB68X114510,现代,途胜,2.0 手自一体 两驱舒适型 2007款 
CA7204AT2,LFPH4ABC671A06008,奔腾,B70,2.0 手自一体 豪华型 2008款 
SGM6470TYXB,LSGLP83X4DF242538,雪佛兰,科帕奇,2.4 手自一体 四驱旗舰版7座 2014款 
CAF7152A,LVSHFFAL0AN084857,福特,嘉年华,1.5 手自一体 豪华型 2009款 
DC7162D,LDC838L2370592330,雪铁龙,毕加索,1.6 手动 16V发动机舒适型 2007款 
SVW71611JS,LSVFE26RXC2048740,大众,POLO,1.6 手动 致尚版 2011款 
DFM7160B3C,LGJE3FE21CM094989,风神,H30,1.6 手动 尊尚型 2012款 
BH7200AW,LBEEFAKB17X193993,现代,索纳塔,2.0 自动 GL 标准型 2005款 
GTM7160RM,LVGCV90388G003869,丰田,雅力士,1.6RS 手动 至尊版 2008款 
BH7143AY,LBERCBDB4CX009119,现代,瑞纳,1.4 自动 GS 舒适型 2011款 
SGM7201SX AT,LSGVT54Z16Y087196,雪佛兰,景程,2.0 自动 SX 豪华版 2005款 
SC6418H4,LS4ASB3R0EA621701,长安商用,金牛星,1.2 手动 精英型7座 2013款 
GTM6490HNF,LVGDN56A7GG018297,丰田,汉兰达,2.0T 手自一体 两驱豪华版7座 2015款 
BH7165AX,LBEFDBFBXAY024180,现代,i30,1.6 自动 舒享型 2010款 
BH7270A,LBESCCHK74X080205,现代,索纳塔,2.7 自动 GOLD 尊享型 2003款 
SY7200,LSYYSCDA83K004176,中华,中华,2.0 手动 华贵版 2003款 
LZ6511AQ7S,LGB2AAA319Z008047,风行,菱智,2.0 手动 长轴舒适型7座 2006款 
SGM6470TYAB,LSGLP84X2DF247509,雪佛兰,科帕奇,2.4 手自一体 两驱城市版7座 2014款 
TV7184GL-iHEV,LFMA180C0H0066132,丰田,卡罗拉,1.8 无级 先锋版 2016款 
SVW7182RQD,LSVTX1336EN513927,大众,桑塔纳,1.8 手动 CNG双燃料型 2011款 
SVW7164BSi,LSVGP29J782036881,大众,POLO,1.6 手自一体 风尚版 2007款 
DFL7165MAK1,LGBG22E25CY017731,日产,骐达,1.6 手动 XE 舒适型 2011款 
LZW6400BF,LZWACAGAXE1020318,五菱,五菱之光,1.2 手动 标准型 7座 2008款 
CAF7209B,LVSHDAAC6CN545149,马自达,马自达3,2.0 手自一体 豪华版 2012款 
SGM7142AMT,LSGSA52M5BY057578,雪佛兰,赛欧,1.4 序列变速 幸福版 2011款 
SVW7164DSD,LSVNU29J7B2010109,大众,POLO,1.6 手自一体 雅尊版 2008款 
SGM7140SE,LSGTC62M56Y054285,雪佛兰,乐骋,1.4 手动 SE 舒适版 2005款 
SQR7130A15,LVVDA12A77D125614,奇瑞,旗云,1.3 手动 基本版 2007款 
DHW7182FBMSD,LVHFB254XC5057043,本田,思域,1.8 手动 LXi 经典版 2014款 
SQR7161M127,LVVDB11B1BD239057,奇瑞,A3,1.6 手动 进取版 2011款 
SQR7110S216,LVVDC12A89D160627,奇瑞,QQ,1.1 手动 标准版 2007款 
SGM7163LX,LSGJR62U76S135653,别克,凯越,1.6 手动 LX 基本版 2006款 
CA7156UE,LFP53ACC275D08098,一汽,威乐,1.5 手动 豪华型 2006款 
SC7133,LS5A3BBR28A501641,长安,奔奔,1.3 手动 舒适版 2006款 
JX6501T3,LEFCJCDC4AHP16677,江铃,宝威,2.8T 手动 LX 两驱7座 2009款 
SVW7167AMD,LSVNU4188EN055681,大众,朗逸,1.6 手动 风尚版(改款) 2013款 
SGM6511GL8,LSGDC82CX4S241741,别克,GL8,3.0 自动 CT 8座舒适版 2000款 
HG7134DAA,LHGGE683X92017784,本田,飞度,1.3 自动 舒适版 2008款 
SQR6470,LVVDB14B57D171896,奇瑞,V5,2.0 手动 7座舒适版 2007款 
JX1032PSEA5,LEFADFE16GTP07093,江铃,域虎,2.4 手动 两驱豪华版 2016款 
LZW7120KF,LZWADAGA2B8026050,雪佛兰,乐驰,1.2 手动 舒适型 2009款 
FV7187T,LFV3A13C983009479,大众,迈腾,1.8TSI 手动 技术版 2007款 
SY6521MS1BG,LSYAAAAF4BK043984,金杯,阁瑞斯,2.4 手动 标准型长轴9座 2007款 
SVW7164VSi,LSVNJ49J672015894,大众,POLO,1.6 手动 雅致版 2006款 
DYM6481ACA,LUXG91S10CB018677,纳智捷,大7,SUV 2.2T 手自一体 四驱智尊型 2011款 
SQR7110S21,LVVDC12A08D071603,奇瑞,QQ,1.1 手动 标准版 2006款 
SVW6440FBi,LSVLD41T172233138,大众,途安,1.8T 手自一体 5座舒适版 2005款 
DN7160P4B,LDNH4LGE2B0388011,三菱,蓝瑟,1.6 手动 SEi舒适版 2012款 
SGM7183ATA,LSGJA52P78H111686,别克,凯越,1.8 自动 导航版 2008款 
CA6490AT,LFBME3083BJB02862,马自达,马自达8,2.3 手自一体 精英版 2011款 
SY6513X4S3BH,LSYHDAAB7CK043255,金杯,海狮,2.0 手动 快运 标准型V20 2009款 
NJ7140ZR,LNPA3GBC3AG013651,MG,MG3,1.4 手动 野酷 舒适版 2009款 
FV7184,LFVBB11J733213961,大众,高尔夫,1.8 手动 舒适版 2004款 
HFC6500KA2C8T,LJ16AA3C9C7013047,江淮,瑞风,2.8T 手动 柴油 长轴标准型 2011款 
DN6492,LDNL70YH330079240,东南,得利卡,2.0 手动 精华版11座 2003款 
CA6410A4,LFBUD1361B6S07000,大发,森雅,1.3 手动 5座 CC 2009款 
FV7187TAT,LFV3A23C473004937,大众,迈腾,1.8TSI 手自一体 技术版 2007款 
LZW6373,LZWACAGA162046284,五菱,五菱之光,1.0 手动 基本型 5-8座 2005款 
GTM6480AD,LVGDA46A1AG058212,丰田,汉兰达,2.7 手自一体 两驱5座精英版 2009款 
SGM7180MTA,LSGJW52P18H099648,别克,凯越,1.8 手动 LE 舒适版 2008款 
LZW7120K3Q,LZWADAGAXA8031723,雪佛兰,乐驰,1.2 手动 标准型 2009款 
HG7204AB,LHGCP154098003009,本田,雅阁,2.0 手动 2012款 
DFL7161MBJ,LGBG22E29BY098716,日产,骐达,1.6 手动 G 时尚型(节能补贴) 2010款 
SH6521C1-A,LSKG4AC19GA415121,大通,G10,2.0TGI 手自一体 精英版7座 2014款 
SQR7110S11T6,LVVDB22A08D105239,奇瑞,QQ,1.1 序列变速 启航版 2009款 
SVW7283KKi,LSVDE29F672283280,大众,帕萨特,2.8 手自一体 V6 豪华版 2005款 
MR7131A,L6T7524S66N015879,全球鹰,自由舰,1.3 手动 基本型 2005款 
SQR7111S11,LVVDB12A56D141421,奇瑞,QQ,1.1 手动 豪华版 2006款 
SVW7283HKI,SVWKDA0A04C000034,大众,帕萨特,2.8 手自一体 V6 标准版 2003款 
LZW6400A3,LZWACAGA9A4135517,五菱,五菱之光,1.1 手动 标准型 8座 2008款 
SC7150,LS5W3ABE59B004267,铃木,雨燕,1.5 手动 炫锐版 2007款 
DFL7165VTC1,LGBG2NE05BY006193,日产,骐达,1.6T 无级 XV 炫动版 2011款 
SGM7164SX AT,LSGTC52U67Y056946,雪佛兰,乐风,1.6 自动 SX 豪华版 2006款 
NJ7173A,LNPASJBD478666288,菲亚特,派朗,1.7 手动 领航版 2006款 
BH7200AX,LBEEFAKB8AX261410,现代,名驭,2.0 自动 GL 舒适型 2009款 
FV7183TF,LFV3A18E183007770,奥迪,A4,1.8T 手动 标准型 2007款 
SGM6512 GL8,LSGUD82C36E014972,别克,GL8,3.0 自动 GT 7座旗舰版 2005款 
BH7180MW,LBEXDAGC56X389384,现代,伊兰特,1.8 手动 豪华型 2006款 
MR7181EA4,L6T7844Z2BN033029,帝豪,EC7,1.8 无级 CVVT 精英型 2013款 
QCJ7150A1,LGXC16DF680009120,比亚迪,F3,1.5 手动 白金版 实用型 2007款 
DC7207DT,LDCA13X20B2052242,雪铁龙,C5,2.0 手自一体 尊享型 2011款 
SGM7282AT,LSGDE53T67H080961,凯迪拉克,赛威SLS,2.8 手自一体 精英型 2007款 
DN6442B3B,LDNE3FKH7A0085359,东南,菱动,2.0 手动 舒适版 2008款 
DN6443B,LDNH3FYH750076459,东南,富利卡,2.0 手动 豪华版 2005款 
CA7156UZ,LFP53ACC945D08840,一汽,威乐,1.5 自动 豪华型 2004款 
JXW1032ESA,LETAD3E13JH013161,五十铃,瑞迈,2.0T 手动 两驱进取款 2017款 
HMC6445E4M0,LH16CHH08CH131008,海马,普力马,1.8 手动 7座创想版 2012款 
DN6492C3,LDND70KH360124596,东南,得利卡,2.0 手动 时尚版11座 2003款 
TV7180GLX-INAVI,LTVBR22E350671088,丰田,花冠,1.8 自动 GLX-i 电子导航版 2004款 
CAF7162N,LVSFDAMB1CN527670,马自达,马自达3,1.6 手动 舒适版 2012款 
SC7103,LS5A3ABD0AB152221,铃木,奥拓,1.0 手动 舒适版 2009款 
HFC7130AF,LJ12FKR15A4202823,江淮,同悦,1.3 手动 舒适型 2009款 
QCJ7154A4,LGXC14DF6B0051475,比亚迪,G3,1.5 手动 尚雅型 2011款 
QCJ7151A6,LGXC14DF5A0190138,比亚迪,F3,1.5 手动 G-i 实用型 2009款 
LZW6376D,LZWACAGAX71037378,五菱,扬光,1.3 手动 标准型 7座 2006款 
SQR7080S116,LVVDB12A29D061028,奇瑞,QQ,0.8 手动 专业致富标准版 2006款 
SVW7181CEI,LSVBF033342089292,大众,桑塔纳,1.8 手动 GLi 2001款 
CA7130,LFP72APB875D04523,一汽,威志,1.3 手动 基本型 2006款 
CSA7153MCF,LSJZ14E33BS034860,MG,MG3,1.5 手动 精英版 2011款 
SVW7164FSD,LSVPU29J3A2062800,大众,POLO,1.6 手自一体 2008款 
BJ6441BJV1A,LNBMDBAF7EU058968,幻速,S3,1.5 手动 基本型 2014款 
QCJ7152A5,LGXC16DF0C0025323,比亚迪,G3,1.5 手动 标准型 2012款 
SVW6440HBi,LSVMD41T062310701,大众,途安,1.8T 手自一体 7座舒适版 2005款 
LZW6471UY,LZWADAGB1FB720892,宝骏,730,1.8 手动 舒适型7座 2016款 
SY7130W1SBAA,LSYYDACK2BC031262,中华,骏捷,1.3 手动 舒适版 2010款 
BH7160AW,LBEXDAFB76X325016,现代,伊兰特,1.6 自动 标准型 2005款 
HMC7165A4S1,LH17CKKF3CH218216,海马,福美来,1.6 手动 风尚版 2012款 
TV7131GL-i,LFMAU92A480008081,丰田,威驰,1.3 自动 GL-i 特别纪念版 2008款 
CAF7202A,LVSFDFAC57F012018,马自达,马自达3,2.0 手自一体 豪华版 2006款 
CA7152A12,LFP43BJC9B6S13526,一汽,森雅S80,1.5 手动 5座豪华型 2011款 
YQZ7161A,LJDBAA34540094584,起亚,千里马,1.6 自动 2004款 
DHW7245CUANB,LVHCU2693A5018654,本田,思铂睿,2.4 手自一体 TYPE-S Navi 2009款 
TV7180GLX-iM,LTVBR22EX50668298,丰田,花冠,1.8 手动 GLX-i 2004款 
YQZ7131A,LJDBAA33540093779,起亚,千里马,1.3 自动 2004款 
CH6391C2,LVFAD1AD2BG002053,铃木,浪迪,1.4 手动 阳光标准版 2009款 
BJ6516B1DWA-5,LVCB1DWA47B006670,福田,风景,2.2 手动 APD-5 2004款 
LZ6510VQ16MN,LGG7C2D20GZ049107,风行,菱智,1.6 手动 标准型9座 2016款 
SGM7144AT,LSGTB64M3AY151204,雪佛兰,乐骋,1.4 自动 美魅版 2010款 
LZ6510AQAS,LGB2ACE39BZ038652,风行,菱智,2.4 手动 长轴舒适型7座 2010款 
EQ6360LF5,LGKG32G62A9247442,东风小康,K系列,1.0 手动 创业先锋5-8座 2009款 
SGM7250AT,LSGWL52D18S031289,别克,君威,2.5 自动 G 豪华版 2007款 
SGM7161MTC,LSGPB54U8DD013875,别克,英朗,1.6 手动 舒适版 2012款 
SQR7103S210,LVVDC12A5AD534793,奇瑞,旗云,1.0 手动 标准版 2010款 
CA6412A12,LFBUD1364C6S12077,一汽,森雅S80,1.5 手动 都市版7座 2015款 
DC7146DT,LDC613P2390963287,标致,207,1.4 手动 驭乐版 2009款 
YQZ7160,LJDBAA34220020746,起亚,千里马,1.6 手动 GLS-1 2002款 
SGM7302GL,LSGWK52C85S174407,别克,君威,3.0 自动 GL 舒适版 2002款 
CSA7151AC,LSJA14E68CG025258,MG,MG5,1.5 自动 领航版 2012款 
GTM7160R,LVGCV90368G005913,丰田,雅力士,1.6RS 自动 至尊版 2008款 
TV7180GL-i,LTVBR22E850671233,丰田,花冠,1.8 自动 GL-i 2004款 
SY7150X1ZBAA,LSYYDBCA6BC061300,中华,骏捷,1.5 手自一体 舒适版 2010款 
ZQ6385A62F,LJPSBA116BB005356,海马,福仕达,1.0 手动 标准版 2012款 
DYM6481AAA,LUXG91S08CB016456,纳智捷,大7,SUV 2.2T 手自一体 两驱新创型 2011款 
HG7130FAM,LHGG1152XB2036819,理念,S1,1.3 手动 舒适型 2012款 
CA7206MT,LFPM4ACP3C1A22905,马自达,马自达6,2.0 手动 2010款 
TV7250S3,LFMBE22D170078364,丰田,锐志,2.5S 手自一体 2005款 
SQR7130S127,LVVDB12B49D103322,奇瑞,A1,1.3 手动 豪华版 2007款 
SVW7168CSD,LSVFC4550A2154255,斯柯达,晶锐,1.6 手动 酷黑版 2011款 
LF7160,LLV2A3A1660010846,力帆,520,1.6 手动 Tritec精英型 2006款 
MR7153B4,L6T7824SXCN115390,帝豪,EC7,1.5 手动 标准型 2012款 
DHW6452R2ASD,LVHRM2831C5009876,本田,CR-V,2.0 自动 EXi 经典版 2012款 
SVW71611CS,LSVFC26RXB2104373,大众,POLO,1.6 手动 致尚版 2011款 
LZ6432BQ4E,LGB32AE39CZ033667,风行,景逸,1.8 手动 豪华型 2014款 
FV7186TG,LFV3A11K6B3114238,大众,速腾,1.8T 手动 时尚版 2007款 
CAF7151A1,LVSFDFAL0BN041215,马自达,马自达2,1.5 自动 炫动款 时尚版 2012款 
HFC6470AH,LJ17VA20150708134,江淮,瑞风,2.4 自动 豪华型7座 2002款 
CA7150,LFPD3BJC996S06389,大发,森雅,1.5 手动 5座 CL 2009款 
SQR7160T116,LVVDB11B79D190666,奇瑞,瑞虎,1.6 手动 两驱豪华版 2007款 
HMC7132A4H0,LH16C2MF7AH010619,海马,丘比特,1.3 手动 C-sport 2010款 
QCJ7201E,LGXC16CG3C1033386,比亚迪,G6,2.0 手动 豪华型 2013款 
MR7151B4,L6T7824S9CN126834,帝豪,EC7,1.5 手动 超悦型 2012款 
TV6460DLXM,LFMKV32F2A0043833,丰田,RAV4,2.0 手动 经典版 2011款 
CC7151SMA05,LGWED2A37CE005046,长城,哈弗M4,1.5 手动 两驱舒适版 2012款 
SY6543US1BH,LSYBCAAB0CK000448,金杯,海狮,2.0 手动 翔运 高顶经典型4G20D4B 6座 2014款 
HMC7163,LH17CKJF07H153820,海马,海福星,1.6 手动 GL 标准版 2007款 
CAF7160A,LVSFAFAB74F022674,福特,嘉年华,1.6 自动 豪华型 2004款 
CA7150UE3,LFP73ACC195D04684,一汽,威志,1.5 手动 精英型 2008款 
HFC6510K1C7F,LJ166A3D2E7013615,江淮,瑞风,1.9CTI 手动 柴油 长轴标准型 2012款 
SQR7080T,LVVDB22A26D085427,奇瑞,QQ,0.8 序列变速 EZ-drive舒适版 2005款 
SGM7206TATA,LSGGA53F1BH111982,别克,君威,2.0T 手自一体 豪华运动版 2009款 
SC7162A,LS5A33BEX7B048493,铃木,天语SX4,1.6 手动 标准版M16A 2007款 
CC7150CE0C,LGWEE2K52CE050568,长城,C30,1.5 手动 新视界版时尚型 2013款 
SGM7202SL,LSGVR52Z46Y059295,雪佛兰,景程,2.0 手动 SL 基本版 2006款 
SC6449C5,LS4ASB3RXGA698031,长安商用,欧诺,1.3 手动 基本型7-8座 2014款 
YQZ7140EJ,LJDEAA294B0148156,起亚,锐欧,1.4 手动 GL 节能补贴 2011款 
CSA7130MCS,LSJZ14C33CS038895,MG,MG3,1.3 手动 舒适版 2014款 
CC7150QE09,LGWEF3K51CF010785,长城,C50,1.5T 手动 时尚版 2013款 
DHW6454R4ASD,LVHRM4880C5017118,本田,CR-V,2.4 自动 VTi-S 尊贵版 2012款 
SC7163B4YB,LS5A2ABE8CA507611,长安,CX30,1.6 手动 舒适版 2012款 
QCJ7151ET1,LGXC16CF7B1156520,比亚迪,G6,1.5T 手动 豪华型 2013款 
SVW7164TSi,LSVGJ49J872034813,大众,POLO,1.6 手动 风尚版 2006款 
BJ6441L4SB,LNBMDLAA9GR650260,威旺,M30,1.5 手动 基本型7-8座 BJ415B 2015款 
DC7204DB,LDC931X28A1282083,标致,307,2.0 手动 真皮版 2010款 
JNJ6450JK,LJ8F2C5D6GE047514,众泰,大迈X5,1.5T 手动 精英型7座 2016款 
ZN1023U2N4,LJNTFU2K5EN045411,东风风度,锐骐,2.4 手动 两驱标准型 2013款 
YQZ6442,LJDJAA147C0101015,起亚,智跑,2.0 手动 两驱 GL 2015款 
YQZ6430AE,LJDFAA147B0172543,起亚,狮跑,2.0 手自一体 GL 两驱 2013款 
SGM7161LX AT,LSGJT52U96H062133,别克,凯越,1.6 自动 LX 基本版 2006款 
YQZ7142A,LJDLAA298C0126721,起亚,K2,1.4 自动 GLS纪念版 2012款 
MR7131AU,L6T7524S98N033277,全球鹰,自由舰,1.3 手动 基本型精智舰 2006款 
GTM7251RB,LVGBF51K2CG018125,丰田,凯美瑞,2.5 手自一体 S 凌动版 2012款 
SVW7164JMI,LSVAC49J842008658,大众,POLO,1.6 手动 舒适版 2003款 
CSA7250AA-DL,LSJW16N3X7J028307,荣威,750,2.5 自动 典雅版 2006款 
DHW7245CUASB,LVHCU2680B5010004,本田,思铂睿,2.4 手自一体 TYPE-S 2013款 
GAC7180B5M4,LMGBF1350B1004402,传祺,GA5,1.8 手动 精英版 2013款 
DC7202DTAA,LDCB13X40C2010984,标致,508,2.0 手自一体 经典版 2012款 
SVW7183HJI,LSVCM49F052227911,大众,帕萨特,1.8T 手动 经典版 2005款 
SQR7180T117,LVVDB11BXAD121975,奇瑞,瑞虎,1.8 手动 精英版 2012款 
SQR7130S21,LVVDC12AX7D115122,奇瑞,QQ,1.3 手动 标准版 2006款 
SGM7127MTA,LSGSA52S3CY318710,雪佛兰,赛欧,1.2 手动 温馨版节能补贴 2012款 
BH6431BW,LBEJMBRD66X030661,现代,途胜,2.7 手自一体 四驱豪华型 2005款 
BJ6441BJV1Z,LNBMDBAF5FU122863,幻速,S3,1.5 手动 创业型6-7座 2016款 
YQZ6430,LJDFAA140A0112179,起亚,狮跑,2.0 手动 GL 两驱 2007款 
DC7200 AT,LDC828W3940131300,雪铁龙,毕加索,2.0 手自一体 舒适型 2004款 
SVW7182JFi,LSVHJ133232164982,大众,桑塔纳,1.8 自动 GSi 时代阳光 2003款 
CAF7151MC4,LVSFDFML9AN035357,马自达,马自达2,1.5 手动 时尚版 2008款 
LZ6502BQ7LEN,LGB2LAE309Z022834,风行,菱智,2.0 手动 9座加长轴距舒适型 2014款 
SQR6400Q227,LVTDH12A4AB023422,开瑞,优优,1.0 手动 基本型 2010款 
DC7205DBA,LDCC41X3XA0262340,雪铁龙,世嘉,2.0 手动 博雅型 2011款 
MR7182EA4,L6T7642Z4BN006651,帝豪,EC7,1.8 无级 CVVT 精英型 2013款 
HMC7165F3H0,LH16CKAF59H021103,海马,欢动,1.6 手动 标准版 2009款 
SGM7140SX AT,LSGTC62M47Y008318,雪佛兰,乐骋,1.4 自动 SX 豪华版 2005款 
SY7201M,LSYYBACB38K015205,中华,尊驰,2.0 手动 舒适版 2004款 
SQR7150A137,LVVDA11B8AD198704,奇瑞,风云2,1.5 手动 豪华版 2010款 
DFL7150AAC2,LGBN22E05AY009048,日产,玛驰,1.5 自动 XV 易智版 2010款 
LZW7100H3Q,LZWADAGA894049964,雪佛兰,乐驰,1.0 手动 标准型 2007款 
SY6521MS3BG,LSYHGABF1AK008118,金杯,阁瑞斯,2.4 手动 标准型长轴11座 2007款 
SVW6440PBi,LSVRD21T582451244,大众,途安,1.8T 手自一体 5座智尊版 2008款 
LZ6512AQ7S,LGB2AAE31AZ010377,风行,菱智,2.0 手动 长轴标准型7座 2010款 
DFL7203VAL4,LGBF5AE03GR034975,日产,天籁,2.0 无级 XL-Sporty 欧冠运动版 2015款 
SVW7206BPD,LSVAD41Z592419554,斯柯达,明锐,2.0MPI 手自一体 逸仕版 2009款 
DN6441E,LDNE37YP750078261,东南,富利卡,2.0 手动 自由Ⅱ版 2003款 
SGM7140SE AT,LSGTC62M16Y036995,雪佛兰,乐骋,1.4 自动 SE 舒适版 2005款 
SQR7160A216,LVVDC11B97D152656,奇瑞,A5,1.6 手动 舒适版 2006款 
CSA7181AC,LSJW26G36CS035673,荣威,550,1.8T 手自一体 品仕版 2012款 
SGM7144MT,LSGTB64M59Y061662,雪佛兰,乐骋,1.4 手动 潮人版 2010款 
BH6474MBV,LBEDMBKD0GZ199281,现代,胜达,2.0T 手自一体 四驱智能型7座 2017款 
SY7162VSB,LSYYBACA09K005918,中华,骏捷,1.6 手动 舒适版 2007款 
DFL7161AB,LGBG22E057Y080297,日产,骐达,1.6 自动 GE 2005款 
FV7186TATG,LFV3A21K0B3041289,大众,速腾,1.8T 手自一体 时尚版 2007款 
SVW6451AED,LSVUA25N9A2873893,大众,途观,1.8TSI 手动 都会版 2010款 
FV7243CVT,LFVBA28E153000542,奥迪,A4,2.4 无级 尊贵型 2005款 
DN6493K,LDNK70YPX50111347,东南,得利卡,2.0 手动 精明者11座 2003款 
SGM7140AMTB,LSGSA52M9DY017393,雪佛兰,赛欧,1.4 序列变速 优逸版节能补贴 2011款 
GTM7180C,LVGDL25R4CG020207,丰田,逸致,1.8 无级 180E 精英版 2011款 
DN6442B3,LDNB3FKH280083757,东南,菱动,2.0 手动 舒适版 2006款 
HQ7131EA4,LB37122Z5AH016500,全球鹰,熊猫,1.3 自动 尊贵型 2011款 
HFC6450M2T,LJ16AK23384005929,江淮,瑞鹰,2.0 手动 都市版 2009款 
GTM7161GMB,LVGCU9033AG039493,丰田,雅力士,1.6E 手动 魅动版 2011款 
DC7201 2.0I,LDC761W3640087831,雪铁龙,赛纳,2.0 手动 标准型 2003款 
CA6410A3,LFBUD1367A6S08165,大发,森雅,1.5 自动 5座 CL 2009款 
GTM6480GSL,LVGES46A2AG013507,丰田,汉兰达,3.5 手自一体 四驱7座豪华版 2009款 
DC7160AXC,LDC241E2230013104,雪铁龙,富康,1.6 手动 AXC 新自由人舒适版8V 2005款 
FA6500,LB1WA5884A8001846,奔驰,唯雅诺,2.5 手自一体 豪华版 2010款 
SGM7168ATB,LSGJL54U1CY310061,雪佛兰,爱唯欧,1.6 手自一体 SX 2011款 
CSA7153ACS,LSJZ14E34CS033055,MG,MG3,1.5 序列变速 精英版 2014款 
DFL7180AA,LGBJB3E567Y009360,日产,骏逸,1.8 自动 XL 时尚型 2006款 
DXK6460AF2,LVZA53P94FC635360,东风小康,风光,1.5 手动 精英居家版5座 2016款 
CAF7201A,LVSFCFAC96F034010,福特,福克斯,2.0 手自一体 豪华型 2005款 
SVW71615FM,LSVAF45E1FN037050,斯柯达,明锐,1.6 手自一体 逸致版 2015款 
SGM7165SE AT,LSGSJ52N45Y022513,雪佛兰,赛欧,1.6 自动 SE 舒适版 2005款 
CAF7152BC4,LVSHFAAL5AN091936,福特,嘉年华,1.5 手自一体 运动型 2009款 
SVW71617MM,LSVWY218XJ2011576,大众,朗逸,1.6 手自一体 风尚版 2017款 
ZN6452W1G,LJNMEW1G45N004493,日产,帕拉丁,2.4 手动 XE 两驱标准型 2006款 
DN6442L3,LDNB3FYH980083567,东南,菱动,2.0 手动 基本版 2006款 
SGM7240EAAB,LSGGF53W6FH128185,别克,君越,2.4 SIDI 手自一体 精英舒适型 2013款 
QCJ6480SJ,LGXC34CG0C1023137,比亚迪,S6,2.4 手自一体 白金版精英型 2013款 
HFC7130LG3,LJ12EKR1X94301152,江淮,同悦,1.3 手动 标准型 2009款 
EQ7202BA,LGBE1AE045Y056428,日产,阳光,2.0 自动 E 2005款 
ZN1035U5K5A,LJNTGU5Y3JN107296,日产,纳瓦拉,2.5 自动 两驱豪华版 2017款 
HFJ7130BE28L,LKHBE28L02AJ03002,哈飞,赛马,1.3 手动 标准型 2005款 
SQR7160EX,LVVDA11A05D016233,奇瑞,风云,1.6 手动 EX 舒适版 2001款 
HFC6470AR3,LJ16AA23077014773,江淮,瑞风,2.4 手动 豪华型7座 2007款 
DHW6494R7ARD,LVHRR7874E5004482,本田,艾力绅,2.4 自动 VTi-S 尊贵版 2012款 
TJ7136U,LTJB1BOC82X026577,夏利,夏利,1.3 手动 标准型世纪广场 2000款 
CA7180A2E,LFPH4ABA129015642,红旗,明仕,1.8 手动 I型 2001款 
SQR7153A210,LVVDC11B7CD266097,奇瑞,E5,1.5 手动 优悦型 2014款 
GA6380SE4,LCR6U3113CX551685,吉奥,星旺,1.0 手动 超值型 2012款 
HG7130FAA,LHGG11621B2000340,理念,S1,1.3 自动 舒适型 2012款 
FV7183TFCVTG,LFV3A28KXB3009665,奥迪,A4,1.8TFSI 无级 舒适型 2010款 
CC1021DAD43,LGWCAC1A7BC004879,长城,金迪尔,2.8T 手动 大双排豪华版 2008款 
CA6390E,LFB0C1358B6S02630,一汽,佳宝V系列,1.0 手动 8座标准型(空调) 2009款 
BH7140MY,LBEMCACA0BX231782,现代,雅绅特,1.4 手动 GL 舒适型 2011款 
SY6471DS,LSYAAAAB36K000269,金杯,阁瑞斯,2.4 手动 金色之旅 标准型短轴6-8座 2005款 
SC6382,LS4AAB3D28A009379,长安商用,长安之星,1.0 手动 简配型 2007款 
JX6461K,LVXCCDBAXAL005737,陆风,X8,2.5T 手动 两驱豪华型 2009款 
SGM7245ATA,LSGGG53W2CS087033,雪佛兰,迈锐宝,2.4 手自一体 SE SIDI 豪华版 2012款 
SZS6503B6,LL2CC32P66J008717,中顺,中顺世纪,2.2 手动 实用I型6座 2006款 
DFM7160B1E,LGJE1FE29CM094857,风神,S30,1.6 手动 尊雅型 2010款 
DHW6494R8CRE,LVHRR8880G5009387,本田,艾力绅,2.4 无级 豪华版 2016款 
DC7164DTB,LDC943L21A0257787,标致,408,1.6 手动 舒适版 2010款 
CAF7207A41,LVSHBFDC8CF227123,福特,蒙迪欧,2.0T 双离合 GTDi240 豪华运动型 2011款 
HFJ6391E,LKHGF1AH19AX11785,哈飞,民意,1.1 手动 9座 2007款 
SQR7130S187,LVVDB12B2AD216044,瑞麒,M1,1.3 手动 豪华型 2011款 
CJL7201J1A5,L2CAB3BX9HG878853,捷豹,XF,2.0T 手自一体 240PS 豪华版 2017款 
DFL7180AB,LGBJB3E54AY015570,日产,骏逸,1.8 自动 XL 时尚型 2006款 
SGM7168MTB,LSGJL54U0CY309418,雪佛兰,爱唯欧,1.6 手动 SX 2011款 
SGM7143AMT,LSGSA62M9BY176773,雪佛兰,赛欧,1.4 序列变速 幸福版 2011款 
BJ7240J,LE4FG65R687010738,克莱斯勒,铂锐,2.4 手自一体 豪华版 2008款 
FV7201T,LFV3A14F173021441,奥迪,A6,2.0T 手动 基本型 2005款 
HG7134DAM,LHGGE673892017610,本田,飞度,1.3 手动 舒适版 2008款 
CA6361,LFB0C113466E53607,一汽,福星,1.1 手动 增配型 2005款 
DN6402L3,LDNLAVYE260003582,东南,菱利,1.6 手动 舒适版 2005款 
SY7150WSBAA,LSYYDACAXAC133964,中华,骏捷,1.5 手动 舒适版 2010款 
LZW6376EV3,LZWACAGAX81074982,五菱,五菱之光,1.0 手动 基本型 5座 2008款 
SGM7164ATA,LSGTC52U88Y040359,雪佛兰,乐风,1.6 自动 SX SVP活力版 2008款 
SGM7300GL,LSGWL52WX1S127476,别克,别克,3.0 自动 GL 1999款 
CA7130SA,LFP12BPC144A03243,丰田,特锐,1.3 自动 两驱豪华版 2004款 
FV7281CVT,LFV5A24F783010895,奥迪,A6,2.8FSI 无级 尊享型 2007款 
BJ6450BLV1Z,LNBMDBAA6GU092987,幻速,H2,1.5 手动 经典型 2016款 
SGM7281AT,LSGEZ53T88S027546,别克,林荫大道,2.8 手自一体 舒适版 2007款 
SVW6451FED,LSVUF25N3C2098933,大众,途观,1.8TSI 手动 都会版 2012款 
TV7130GL3E,LFMAM42A370013614,丰田,威驰,1.3 自动 GL 特别版 2006款 
CAF6490A54,LVSHFCAC3GH131045,福特,锐界,2.0GTDi 手自一体 四驱尊锐型 2015款 
SGM7120AMT,LSGSA52S2BY069220,雪佛兰,赛欧,1.2 序列变速 理想版 2010款 
EQ7230BB,LGBF1CE077R195787,日产,天籁,2.3 自动 230JK 豪华版 2006款 
SQR7081S1,LVVDB12A78D284051,奇瑞,QQ,0.8 手动 精英版 2006款 
BJ6450,LE4FTL4G377002184,三菱,欧蓝德,2.4 手动 两驱版 2004款 
CH6390HE,LKCAA1AC78H019986,昌河,福瑞达,1.1 手动 平板弹簧标准型 2008款 
SQR7100S117,LVVDB12B9AD229809,奇瑞,QQ,1.0 手动 启航版 2011款 
HFC7130A2F,LJ12FKR24C4204767,江淮,同悦,1.3 手动 标准型 2012款 
CAF7250AC3,LVSHBFAD87F131477,福特,蒙迪欧,2.5 手自一体 旗舰型 2006款 
DHW6491R8CRE,LVHRR8824G5007203,本田,艾力绅,2.4 无级 经典版 2016款 
CAF7201N,LVSFCAMC47F115254,福特,福克斯,2.0 手动 运动型 2006款 
HFC6450M2,LJ16AA23X74018945,江淮,瑞鹰,2.0 手动 两驱 2007款 
FV7201TCVT,LFV3A24F983018228,奥迪,A6,2.0T 无级 标准型 2005款 
SGM6530ATA,LSGUA84W3EE019331,别克,GL8,2.4 手自一体 CT 舒适版 2013款 
AUDI A4 1.8T CVT,LFVBA28E353000218,奥迪,A4,1.8T 无级 舒适型 2003款 
YZ6450EFBB1Z,L3AKFEM35GY302020,英致,737,1.5 手动 舒适型6-7座 2015款 
FV7186T,LFV3A11K173000204,大众,速腾,1.8T 手动 时尚版 2006款 
JX6474E,LJWCCGBA85L506111,陆风,新饰界,2.0 手动 两驱汽油版 2004款 
MR7180,L6T7844S78N036469,全球鹰,远景,1.8 手动 天窗版 2006款 
SVW7206DJD,LSVNT61Z2A2790790,斯柯达,明锐,2.0TSI 双离合 2010款 
SQR7200,LVVDC14A35D045845,奇瑞,东方之子,2.0 手动 舒适版原装发动机 2004款 
EQ6410LF24Q,LGKG42G7299940402,东风小康,K系列,1.0 手动 5-8座 2008款 
SVW7186AJD,LSVAH41Z492400353,斯柯达,明锐,1.8TSI 手自一体 2006款 
SC7163B4,LS5A2ABEXBA527258,长安,CX30,1.6 手动 标准版 2011款 
SQR7160J180,LVVDC11B3CD200033,瑞麒,G3,1.6 手动 实力型 2012款 
HG7180CAA,LHGGM367X92000278,本田,锋范,1.8 手自一体 舒适版 2009款 
SQR6471B147,LVVDB11BXAD171792,威麟,V5,1.8 手动 舒适型 2012款 
ZN6441V1W4,LJNMDV1E5CN023997,东风风度,帅客,1.5 手动 标准型7座(改款) 2013款 
DN6492L3P,LDNF71YH770130909,东南,得利卡,2.0 手动 经典版7/9座 2005款 
CC7150CE00,LGWEE2K52AE003442,长城,C30,1.5 手动 标准版 2010款 
FV7281FATG,LFV5A24F9B3020724,奥迪,A6,2.8FSI 手自一体 Quattro 豪华型 2009款 
SY6390A1SBW,LSYAFAAP9AG032880,金杯,海星,1.0 手动 基本型 2009款 
HMC7160C3S0,LH17CKJF8AH299003,海马,海福星,1.6 手动 GL 标准版 2009款 
HFC6500A3C7V,LJ166A338G7002287,江淮,瑞风,2.0 手动 长轴标准版 2015款 
LZ6460Q8GS,LGG193GA02P002547,风行,风行,2.4 自动 领先版7座 2002款 
DN6410M,LDNMAWYX7B0013319,东南,希旺,1.3 手动 东安引擎系列 基本版 2011款 
GTM7251VB,LVGBF54K7CG057143,丰田,凯美瑞,2.5 手自一体 V Navi 至尊导航版 2012款 
HMC6440A4T0,LH16CHALXAH001006,海马,骑士,2.0 手动 典雅风尚版 2013款 
CSA7184MB,LSJW24H37AS053048,MG,MG6,1.8 手动 舒适版 2012款 
BH7163MX,LBEXDBEB69X006167,现代,伊兰特,1.6 手动 豪华运动型 2007款 
LZ6511AQ8S,LGB2ACE388Z008048,风行,菱智,2.4 手动 长轴优越型9座 2007款 
HG6481BBAB,LHGRB3835E8006182,本田,奥德赛,2.4 自动 舒适版 2014款 
HFC6500A1BE3,LJ16AA33X97037267,江淮,瑞风,2.4 手动 豪华型11座 2007款 
LZW6430MF,LZWADAGA0B8561250,五菱,宏光,1.4 手动 6430M 标准型 7座 2010款 
SMA7158B4,LJU8824S6AS017053,英伦,SC7,1.5 手动 新锐版 基本型 2011款 
HFC7150M,LJ12GKS25B4411741,江淮,和悦,1.5 手动 宜家标准型 2011款 
CA7150UE3Z1,LFP73ACC9A5D03738,一汽,威志,1.5 手自一体 旗舰型 2008款 
SVW6440TBD,LSVRB21T2A2530057,大众,途安,1.8T 手自一体 5座智尊版 2008款 
DC7205DTA,LDCC13X3690933308,雪铁龙,世嘉,2.0 手动 时尚型 2009款 
GTM6480GDL,LVGES46A3AG015931,丰田,汉兰达,3.5 手自一体 四驱7座精英版 2009款 
SVW71410BR,LSVCB2A44CN072635,大众,帕萨特,1.4TSI 双离合 尊雅版 2011款 
DN7151MA,LDNM43FZ0A0284778,东南,V3菱悦,1.5 无级 旗舰导航版 2010款 
HMC7166B4M0,LH16CKH02AH085847,海马,普力马,1.6 手动 5座豪华版 2010款 
CAF7202MC4,LVSHDFMC2BN228539,马自达,马自达3,2.0 手动 标准版 2007款 
BH6440MY,LBELMBJB8BY102421,现代,ix35,2.0 手动 GL 两驱新锐型 2010款 
SQR7181A21T7,LVVDC21B6CD262290,奇瑞,E5,1.8 无级 优悦型 2014款 
SQR7206,LVVDB14B06D115167,奇瑞,瑞虎,2.0 手动 两驱精英版 2005款 
CC6460KM45,LGWEFCA53AB009787,长城,哈弗,2.5T 手动 领先版 柴油两驱豪华版 2009款 
SCT6484GR7,LFMG1E722GS004756,丰田,普拉多,3.5 手自一体 TX-L NAVI 2016款 
RX6453K01,L106D2A59C1006043,全球鹰,GX7,1.8 手动 进取型 2013款 
SC7132H,LS5W3ABRXBB048208,铃木,雨燕,1.3 手动 超值版 2012款 
DFL7163BA,LGBK22E508Y501673,日产,骊威,1.6 手动 劲锐版 GX 标准型 2008款 
CA7204MT,LFPH4ACC291A44868,奔腾,B70,2.0 手动 时尚型 2010款 
HFC7200EG3,LJ12GKS3894003592,江淮,瑞鹰,2.0 手动 精英版 2010款 
CSA7184AB,LSJW24H34AS016670,MG,MG6,1.8 手自一体 舒适版 2012款 
SQR7240T11T,LVVDB24B66D130259,奇瑞,瑞虎,2.4 自动 两驱标准版 2005款 
BH7162AY,LBEXDAFBXBX053426,现代,伊兰特,1.6 自动 GL 舒适型 2011款 
QCJ7100L1,LGXC14AA981036805,比亚迪,F0,1.0 手动 实用型 2008款 
SC7106CY,LS5A3BBD8CA533801,长安,奔奔,1.0 手动 亲情版 2012款 
HFC6500A3C8,LJ16AA33477014158,江淮,瑞风,2.0 手动 简配型8座 2006款 
GAC6470D2C4,LMGDK1G87C1S00220,传祺,GS5,2.0 手自一体 豪华版 2012款 
FV7162AT E4,LFV2A21J363018856,大众,宝来,1.6 自动 基本版 2005款 
FV7301CVT,LFV6A24F863010289,奥迪,A6,3.0 无级 标准型 2005款 
MR7130X1,L6T711JDX4N010211,吉利,优利欧,1.3 手动 亮景 2003款 
BQ6472Y2C,LTA6G23B161000883,中兴,驰野,2.2 手动 豪华型 2003款 
LZ6460Q7GE,LGG193GA93P004332,风行,菱越,2.0 手动 商务型 2004款 
BH7240DAY,LBEYFAND4CY092350,现代,索纳塔,2.4 手自一体 TOP 顶级型 2011款 
DN6493K9,LDNK79YP230069421,东南,得利卡,2.0 手动 精明者9座 2005款 
TV7301RoyalSln,LFMBDK4B2A0024559,丰田,皇冠,3.0 手自一体 Royal Saloon 2010款 
SGM7163ATB,LSGTB54U3AY130525,雪佛兰,乐风,1.6 自动 SX 豪华导航版 2009款 
CH7120,LKENC51C94B026140,铃木,北斗星,1.2 手动 2S 经济版 2001款 
EQ6400LF7,LGKG42G96C9704246,东风小康,K系列,1.0 手动 基本型 2007款 
SGM7122MT,LSGTB62S48Y120183,雪佛兰,乐骋,1.2 手动 SE(劲黑内饰) 2009款 
SVW71615EM,LSVAE25E8HN050792,斯柯达,明锐,1.6 手动 逸致版 2015款 
DC7160DAXC 16V,LDC261L2270686770,雪铁龙,富康,1.6 手动 标准型16V 2005款 
FV7307FDDGG,LFV6A23C2C3035305,大众,迈腾,3.0FSI 双离合 旗舰版 2012款 
DHW7205FBASD,LVHFB3651C5003000,本田,思域,2.0 手自一体 TYPE-S 2012款 
SQR7101S217,LVVDC12A1AD206271,奇瑞,旗云,1.0 手动 豪华版 2010款 
FA6500E,LB1WA5884B8013271,奔驰,唯雅诺,2.5 手自一体 限量版 2011款 
CSA7181MB,LSJW26G339S031301,荣威,550,1.8T 手动 品逸版 2012款 
JL7152B1D,LB37422SXAL007850,英伦,金鹰,1.5 手动 标准型 2010款 
SY6521DS2,LSYAAAAB56K029241,金杯,阁瑞斯,2.4 手动 金色之旅 标准型长轴8-9座 2005款 
CC6510YMK00,LGWEG2A7X8C000405,长城,赛影,2.2 手动 汽油 豪华版 2008款 
CC6460KM03,LGWEF3A5X6B004528,长城,哈弗,2.4 手动 两驱超豪华版 2006款 
SC6483A4,LS4ASB3E2EG636341,长安商用,睿行,1.5 手动 标准型 2014款 
SGM6474ATA,LSGLP83X2CF203820,雪佛兰,科帕奇,2.4 手自一体 7座豪华导航版 2012款 
BH7202AW,LBENFAKBX8X031054,现代,索纳塔,2.0 手自一体 豪华型 2006款 
SC7162B,LS5A3ADE77B031135,铃木,天语SX4,1.6 自动 精英版M16A1 2007款 
BJ6526B1DVA-2,LVCB1DVA68A001656,福田,蒙派克,2.0 手动 GL 豪华型 11座 长轴 2007款 
HFJ7130E,LKHBE27L97AJ03363,哈飞,赛马,1.3 手动 标准型 2005款 
SVW6440CAI,LSVMG41T952191553,大众,途安,2.0 手动 7座豪华版 2004款 
SZS6503A1,LL2TC31P16J002387,中顺,中顺世纪,2.2 手动 超豪华型9座 2003款 
SY6370C2SBW,LSYAFAAP0CG234090,金杯,海星,1.0 手动 限量版 2011款 
SVW71810HJ,LSVCH6A4XEN031953,大众,帕萨特,1.8TSI 双离合 尊荣版 2013款 
HFC6512A4CC8F,LJ166A347E7100619,江淮,瑞风,2.0T 手动 商务型 2013款 
SVW7183BGI,LSVCB49F712112111,大众,帕萨特,1.8 自动 GLi 2000款 
HFC7130LF,LJ12EKR14A4301040,江淮,同悦,1.3 手动 标准型 2009款 
FV7164AT E4,LFV2B21J973016415,大众,高尔夫,1.6 自动 时尚版 2005款 
SC7161A4,LS5A2ABE3AB053470,铃木,天语SX4,1.6 手动 悦享版 2008款 
DYM6481BAM5,LUXL92T00GB001247,纳智捷,大7,MPV 2.0T 手自一体 舒享型 2016款 
CA6490AT5,LFBME3082EJB01335,马自达,马自达8,2.5 手自一体 精英版 2013款 
CC1031PA4S,LGWCBC191GB008331,长城,风骏,2.8T 手动 经典版两驱大双排 2017款 
BJ6443L4SM,LNBMDLAAXGR678570,威旺,M20,1.2 手动 经济型7-8座 2015款 
BJ6526B1EVA-S2,LVCB2NVA58A002087,福田,蒙派克,2.0 手动 L 标准型 11座 长轴 2008款 
YQZ6390,LJDAAA31020001212,起亚,普莱特,1.4 手动 标准型 2000款 
JX6466DE-M,LJXBMCCB3AT053823,福特,全顺,2.8T 手动 短轴中顶豪华型10-12座柴油 2006款 
LF6431B,LCN64EE46F0007356,力帆,乐途,1.5 手动 舒适型 2015款 
HFJ6370E4,LKHGF1AG7AAC17493,哈飞,民意,1.1 手动 8座 2008款 
QCJ7180E,LGXC16DG9A1174846,比亚迪,F6,1.8 手动 黄金版 豪华型 2011款 
MR7181B1,L6T7642S9AN050081,帝豪,EC7,1.8 手动 舒适型 2010款 
CAF7131BP,LVSFDAAA78N015270,马自达,马自达2,1.3 自动 标准版 2007款 
CSA7180AC-DL,LSJW16G669J013586,荣威,750,1.8T 自动 迅雅版 2008款 
DN7202H,LDNH4GGK3B0054468,三菱,翼神,2.0 手动 致炫版豪华型 2012款 
CSA6471AC,LSJW34G34DG048184,荣威,W5,1.8T 手自一体 两驱胜域版 2013款 
SVW7164WSi,LSVNK49J262014544,大众,POLO,1.6 手自一体 雅尊版 2006款 
CA7130S,LFP12BPC554A05739,丰田,特锐,1.3 手动 两驱激情版 2004款 
SY7160XSBAD,LSYYDACB7CC034630,中华,V5,1.6 手动 舒适版 2012款 
DN6492L7,LDNL77YH960121262,东南,得利卡,2.0 手动 精华版5/7座 2003款 
BH7165MY,LBEFDBEB1BY037872,现代,i30,1.6 手动 舒享型 2010款 
SGM7363AT,LSGEZ53727S068742,别克,林荫大道,3.6 手自一体 精英版 2007款 
GTM7240V,LVGBE40K48G225895,丰田,凯美瑞,2.4 手自一体 240V 至尊版 2007款 
SCT6490,LCUBU29J15S005891,丰田,普拉多,4.0 手自一体 GX 2004款 
SGM7282ATA,LSGDE53T09H101306,凯迪拉克,赛威SLS,2.8 手自一体 豪华型 2008款 
CFA2031H,LL62HBC01AB011941,三菱,帕杰罗,3.0 手自一体 GLX 2011款 
SQR7162T,LVVDA21B75D030628,奇瑞,旗云,1.6 无级 无间版 2004款 
FV7187TG,LFV3A13C393018308,大众,迈腾,1.8TSI 手动 标准版 2009款 
SGM7150ATA,LSGJA52H5EH170966,别克,凯越,1.5 手自一体 经典版 2013款 
CAF7151B,LVSFDAAL09N022256,马自达,马自达2,1.5 自动 豪华版 2008款 
DFL7150AAC1,LGBN22E08BY012091,日产,玛驰,1.5 自动 XL 易炫版 2010款 
TJ7101AU,LFPX1ACA875A09888,夏利,夏利,1.0 手动 2006款 
HFJ6371B,LKHCH1AG65AK09722,哈飞,中意,1.0 手动 8座 2005款 
CAF6480A1,LVSHFSAF88F005670,福特,麦柯斯S-MAX,2.3 手自一体 7座时尚型 2008款 
EQ6390PF22Q4,LGK032K74B9L16053,东风小康,V系列,1.3 手动 基本型BG13-20 2011款 
DFL7200AB,LGBH1AE087Y048641,日产,轩逸,2.0 无级 XV DVD版 2008款 
SQR6470B147,LVVDB14B7AD124330,威麟,V5,2.0 手动 舒适型 2012款 
SC7156A,LS5A3ABE6AA503034,长安,悦翔,1.5 手动 舒适版 2010款 
HFJ7110,LKHBG2AJ57AW14733,哈飞,路宝,1.1 手动 GZ002标准型 2006款 
EQ6380LF22Q,LGKZ32G7569014650,东风小康,K系列,1.3 手动 7座 2005款 
DHW6493R7ARD,LVHRR7830D5005558,本田,艾力绅,2.4 自动 VTi 舒适版 2012款 
CC7150AM02,LGWED2A48AE201258,长城,酷熊,1.5 无级 豪华版 2010款 
HFC6500A1C7E3,LJ16AA33X97017567,江淮,瑞风,2.4 手动 5-9座 2008款 
DFL6460MECF,LGBM2DE679Y002156,日产,奇骏,2.5 手动 XL 豪华版 2010款 
CSA7186AC,LSJW26H3XBS036208,MG,MG6,1.8 手自一体 DVVT 舒适版 2013款 
BJ6438MC6VA-P2,LVCP2GVA5AA106568,福田,迷迪,1.3 手动 宜商标准型加长版 2009款 
SVW71614HS,LSVFH40G6GN013546,斯柯达,昕动,1.6 手自一体 乐享版 2014款 
LZ6460Q7E,LGB1AAE388Z007403,风行,菱越,2.0 手动 实业版5-8座 2005款 
JX6546DB-H,LJXBHCHC3AT060857,福特,全顺,2.8T 手动 长轴高顶10-15座柴油 2006款 
YQZ7204AM,LJDKAA249C0054265,起亚,K5,2.0 手自一体 Special(MDPS) 2015款 
DC7186LSBB,LDC973Y4XH2021395,标致,408,1.8 手自一体 豪华版(改款) 2018款 
GAC7200B5M4,LMGBH1356B1012854,传祺,传祺,2.0 手动 精英版 2011款 
SVW7182JQi,LSVTP133182245262,大众,桑塔纳,1.8 自动 舒适版 2008款 
FV7165,LFV2C12K663002310,大众,开迪,1.6 手动 5座功能版 2005款 
EQ6400LF18,LVZZ42F9XEA604867,东风小康,K系列,1.2 手动 实用型 2016款 
SC6408BY,LS4AAB3DXBA956161,长安商用,长安之星,1.0 手动 基本型 2009款 
LZW1010PLNE3,LZWCAAGA497078913,五菱,PN系列货车,1.0 手动 单排 2008款 
DN6480,LDNM9STJ070009480,三菱,菱绅,2.4 手动 经典版 2004款 
CA7201MT3,LFPH4ABCX81A29731,马自达,马自达6,2.0 手动 2007款 
SY6390A9SBW,LSYAFAAM4CG240853,金杯,海星,1.0 手动 限量版 2011款 
DN7161L3B,LDND4LFE180165239,三菱,蓝瑟,1.6 手自一体 舒适版 2006款 
SGM7181ATA,LSGJU82P48H074265,别克,凯越,1.8 自动 LE 舒适导航版 2008款 
GTM7240VB-NAVI,LVGBE40K08G204770,丰田,凯美瑞,2.4 手自一体 240V 至尊导航版 2010款 
DC7164DTAA,LDC933L37B1586694,标致,307,1.6 手自一体 舒适版 节能补贴 2010款 
CAF7152NC4,LVSHFAML3AN092952,福特,嘉年华,1.5 手动 运动型 2009款 
TV7181GLX-iD,LFMARE0C190203569,丰田,卡罗拉,1.8 自动 GLX-i 特别纪念版 2009款 
HMC7162AE3B,LH17CKKF7AH143372,海马,福美来,1.6 自动 DX 舒适版 2007款 
JX1030TSG5,LEFADDG18JHP16955,江铃,宝典,2.9T 手动 新超值两驱舒适型加长货箱 2018款 
SY7150WSBAB,LSYYBACA7CC027402,中华,骏捷,1.5 手动 基本版新锐版 2011款 
JX6571T-M5,LEFBMCHC5HT060509,江铃,特顺,2.8T 手动 商运型长轴中顶10座 2017款 
EQ7203BA,LGBF1AE0X8R015269,日产,天籁,2.0 自动 200JK 豪华天窗版 2006款 
LZ6430BQCE,LGB322E16BZ025240,风行,景逸,1.5 序列变速 尊贵型 2011款 
SQR7130J047,LVVDB12B7AD169710,瑞麒,X1,1.3 手动 舒享型 2011款 
SVW7164CSi,LSVNN29J782031757,大众,POLO,1.6 手动 雅致版 2008款 
SGM7181ATB,LSGPB54R1DD022011,别克,英朗,1.8 手自一体 真皮款时尚版 2012款 
DFL7165MAK2,LGBG22E29CY020972,日产,骐达,1.6 手动 XL 智能型 2011款 
DN7160H4B,LDNH4LGE580165826,三菱,蓝瑟,1.6 手动 舒适版 2006款 
DFM7160B3A,LGJE3FE22BM056461,风神,H30,1.6 手动 尊逸型 2011款 
LF7130A,LLV2A2A1470009433,力帆,520,1.3 手动 舒适型 2006款 
DC7205D,LDCC43X2180761055,雪铁龙,凯旋,2.0 手动 经典型 2010款 
CAF7151BP,LVSFDAAL58N017472,马自达,马自达2,1.5 自动 豪华版 2008款 
FV7321CVT,LFV6A24F573023759,奥迪,A6,3.2FSI 无级 技术领先型 2006款 
YQZ7203AM,LJDKAA243B0004749,起亚,K5,2.0 手自一体 Premium 2011款 
SQR7200T11T6,LVVDB24B49D246029,奇瑞,瑞虎,2.0 手自一体 两驱舒适版 2007款 
DN7243H,LDNH4PFB170009408,三菱,戈蓝,2.4 手自一体 尊贵版 2007款 
SQR7130S217,LVVDC12A19D211661,奇瑞,QQ,1.3 手动 豪华版 2007款 
GTM7200GB-NAVI,LVGBH40K59G305876,丰田,凯美瑞,2.0 自动 200G Navi 豪华导航版 2010款 
DXK6440AFF5,LVZA42F93GA522902,东风小康,风光,1.3 手动 基本型5座 2013款 
YQZ7200A,LJDCAA24470030725,起亚,远舰,2.0 自动 GL 豪华版 2006款 
SVW7168RSD,LSVGM455XB2713393,斯柯达,晶锐,1.6 手自一体 五周年典藏版 2012款 
SY7130FSBAA,LSYYDACKX9K073078,中华,骏捷,1.3 手动 舒适版 2008款 
YQZ7164E,LJDDAA127A0039334,起亚,赛拉图,1.6 手动 GL 2008款 
SGM6531UAAF,LSGUA8270HE017780,别克,GL8,2.5 手自一体 25S 舒适型 2017款 
CAF7201M,LVSFCFMC36F035469,福特,福克斯,2.0 手动 运动型 2005款 
CAF7201N4,LVSHCAMC3CE015459,福特,福克斯,2.0 手动 豪华运动型 2012款 
CA7131,LFP42BJB3C6S15073,一汽,森雅M80,1.3 手动 5座 2011款 
EQ6381LF6,LGKZ32G74A9940787,东风小康,K系列,1.0 手动 5-8座 2006款 
YQZ7143,LJDLAA196C0008989,起亚,K2,1.4 手动 GL 2012款 
CH6390E,LKCAA1ACX9H016291,昌河,福瑞达,1.1 手动 钢板弹簧标准型 2008款 
SC7161C4,LS5A2ADE5AB003571,铃木,天语SX4,1.6 自动 悦享版 2008款 
BJ6526B1DVA-X1,LVCP2GVA6ES042153,福田,蒙派克,2.0 手动 陆地公务机旗舰版 2013款 
DN6442C,LDNM3FYH950078924,东南,富利卡,2.0 手动 舒适版 2003款 
DFL7203VBL2,LGBF5AE04HR274134,日产,天籁,2.0 无级 XL 舒适版 2016款 
GTM7201GS,LVGBH51K4DG086793,丰田,凯美瑞,2.0 手自一体 G 舒适版 2013款 
SY7160XZBAC,LSYYBBDB2CC022329,中华,H530,1.6 手自一体 舒适版 2011款 
SVW7168WSD,LSVPP2559C2025723,斯柯达,晶锐,1.6 手自一体 Scout 2014款 
NJ7131,LNPFPDBC428526881,菲亚特,派力奥,1.3 手动 EDX 2002款 
TV7164DLXD,LFMAP22C5B0256959,丰田,花冠,1.6 手动 特惠版 2010款 
TV6460GLM,LFMKV30F790004153,丰田,RAV4,2.0 手动 豪华升级版 2010款 
CAF7202AC3,LVSFDFAC09F081928,马自达,马自达3,2.0 手自一体 豪华版 2006款 
DC7163X,LDC723E2430003973,雪铁龙,爱丽舍,1.6 手动 舒适型 8V 2002款 
CAF7154A5,LVSHFFAL6JS630921,福特,福睿斯,1.5 手自一体 舒适型 2015款 
HG7154DAM,LHGGE877592020379,本田,飞度,1.5 手动 豪华版 2008款 
YQZ6490E3,LJDBAA16060008976,起亚,嘉华,3.5 自动 尊贵版 2006款 
CA7158A,LFP83ACE3C1D17103,欧朗,欧朗,1.5 自动 舒适型 2012款 
CAF7201B4,LVSHCADC6CE041330,福特,福克斯,2.0 双离合 豪华运动型 2012款 
CH6391BG21,LKCAA1AB0EC020364,昌河,福瑞达,1.0 手动 鸿运版 经济型 2014款 
SC6390,LS4BAB3D35A049650,长安商用,星光,1.0 手动 标准型 FA 2006款 
QCJ7182A4,LGXC96DG9B0185278,比亚迪,G3,1.8 无级 数智版 祺雅型 2011款 
BH6441BY,LBELMBND5AY013271,现代,ix35,2.4 手自一体 GLS 四驱领航型 2010款 
FV7201TFG,LFV3A14F9A3113226,奥迪,A6,2.0TFSI 手动 基本型 2009款 
CH7100A,LKENC52A43B008804,铃木,北斗星,1.0 手动 2S 经济版 2002款 
YQZ7164EJ,LJDDAA122B0048072,起亚,赛拉图,1.6 手动 GL 节能补贴 2010款 
BJ6401L3R,LNBMDLAAXER407831,威旺,306,1.0 手动 基本型7-8座 2016款 
TV7250S4,LFMBE22D580133884,丰田,锐志,2.5S 手自一体 2007款 
FA6520,LB1WA6887A8004276,奔驰,威霆,2.5 手自一体 9座精英版 2011款 
DFL6460VFC2,LGBM2DE47CS040706,日产,奇骏,2.5 无级 XL 豪华版 2012款 
SVW71611GS,LSVPE26R5C2023930,大众,POLO,1.6 手动 2012款 
CAF7180A41,LVSHCFAE3BF727109,福特,福克斯,1.8 手自一体 豪华型 2009款 
LZW6400BV3,LZWACAGA182051908,五菱,五菱之光,1.2 手动 标准型 5座 2007款 
DFL7151VAK3,LGBP12E04BY025755,日产,阳光,1.5 无级 XV 尊贵版 2011款 
SVW7203DPi,LSVCP49F082565160,大众,帕萨特,2.0 自动 超值版 2006款 
CA7165MT3,LFPH3ACC191A78934,奔腾,B50,1.6 手动 豪华型 2009款 
YQZ7168A,LJDLAA127C0007563,起亚,K2,1.6 自动 Premium 2012款 
SY6420C4SBW,LSYAFAAMXEG239533,金杯,小海狮,1.3 手动 标准型 2013款 
SQR7180T11,LVVDB11B17D142304,奇瑞,瑞虎,1.8 手动 两驱舒适版 2010款 
HFJ6371,LKHCH1AH45AK19870,哈飞,中意,1.1 手动 8座 2000款 
LZW6450PF,LZWACAGA6E7069996,五菱,荣光,1.5 手动 标准型 2012款 
SQR7200T,LSJDC24B24D019078,奇瑞,东方之子,2.0 手自一体 舒适版 2004款 
DFL6430VBC4,LGBL2AE00CS103619,日产,逍客,2.0 无级 XV 雷 两驱 2012款 
LF7152,LLV2A3A25C0541850,力帆,620,1.5 手动 铂尊版精英型 2010款 
JX6546DB-M,LJXBMCHC88T060391,福特,全顺,2.8T 手动 长轴中顶豪华型10-15座柴油 2006款 
SVW6440HGD,LSVSR21T7B2402668,大众,途安,1.4TSI 双离合 7座智臻版 2011款 
CAF7161AP,LVSFDFAB68F063083,马自达,马自达3,1.6 手自一体 标准版 2008款 
YQZ7164A,LJDDAA12090021091,起亚,赛拉图,1.6 自动 GL 2008款 
KZ6490E,LTA1278B63A680466,天马,风驰,2.2 手动 超豪华型 2003款 
CAF7201A38,LVSHCFAC5AF513039,福特,福克斯,2.0 手自一体 豪华型 2009款 
GTM7240VB,LVGBE40K9AG515474,丰田,凯美瑞,2.4 手自一体 240V 至尊版 2010款 
GTM7240GB-NAVI,LVGBE40K89G441718,丰田,凯美瑞,2.4 手自一体 240G Navi 豪华导航版 2010款 
DN6443H3,LDNA3FKHX70082088,东南,菱动,2.0 手动 尊贵版 2006款 
TV7131GL-iM,LFMAU92AX80003970,丰田,威驰,1.3 手动 GL-i 特别纪念版 2008款 
LZW6389BQF,LZWACAGA9FC132307,五菱,五菱之光,1.2 手动 实用型7座 2015款 
DN7161P,LDNP4LFEX30005379,东南,菱帅,1.6 手自一体 豪华版 2003款 
TV7252SSP5,LFMBEC4D4B0036055,丰田,锐志,2.5S 手自一体 风尚菁华版 2010款 
CA7156UZE,LFP53ACC475D42088,一汽,威乐,1.5 自动 豪华型 2006款 
SY7160XSBAC,LSYYBADB1CC022994,中华,H530,1.6 手动 舒适版 2011款 
BJ6440BKV1Z,LNBMDLAA9GU042719,威旺,M20,1.5 手动 实用型 2014款 
LZW1025SB3,LZWCBAGA0B2018045,五菱,小旋风,1.2 手动 双排 2008款 
ZN2032UBG3,LJNTGUBG88N019107,日产,D22皮卡,2.4 手动 四驱标准型750公斤 2007款 
SQR7110S11T7,LVVDB22B69D187729,奇瑞,QQ,1.1 序列变速 启航版 2009款 
DFL7150MAC1,LGBN22E23BY010072,日产,玛驰,1.5 手动 XE 易型版 2010款 
SVW7164ESD,LSVPT29J5A2045144,大众,POLO,1.6 手动 2008款 
DHW6463,LVHRD787555000438,本田,CR-V,2.4 自动 i-VTEC 四驱 2005款 
CH6390,LKCAD1ACX6H085677,昌河,福瑞达,1.1 手动 钢板弹簧标准型 2006款 
DC7200D AT,LDC838W3370591442,雪铁龙,毕加索,2.0 手自一体 豪华型 2007款 
TJ7133UE3,LFPX2ACB2A5B85784,夏利,夏利,1.3 手动 标准型 2010款 
CA7136,LFPV2APC565D12190,一汽,威姿,1.3 手动 标准型 2002款 
HG7180GBC5A,LHGGJ7664G8022956,本田,凌派,1.8 无级 舒适版 2016款 
SY7130KSBAA,LSYYDACK49K076056,中华,骏捷,1.3 手动 舒适版 2008款 
HMC7166D4M0,LH16CKH00BH108706,海马,普力马,1.6 手动 5座舒适版 2012款 
CA7162A,LFP83ACC7G1D58662,奔腾,B30,1.6 手自一体 豪华型 2016款 
TV6460GLX-iNAVi,LFMJW30F490008878,丰田,RAV4,2.4 自动 豪华升级版 2010款 
DC7160AXC1,LDC251E3710002988,雪铁龙,富康,1.6 自动 标准型 8V 2001款 
FV7160CIX,LFVAA11G323101305,大众,捷达,1.6 手动 CIX 前卫 1999款 
DD6491A,LDD01A027B0009700,黄海,挑战者,2.4T 手动 标准型 2009款 
DHW7180B(CIVIC 1.8),LVHFA165895026399,本田,思域(FA1),1.8L VTi 自动豪华版 2009款/
DHW7180B(CIVIC 1.8),LVHFA165895026399,本田,思域(FA1),1.8L VTi 自动豪华版 2009款/
DHW7180B(CIVIC 1.8),LVHFA165895026399,本田,思域(FA1),1.8L VTi 自动豪华版 2009款/
KLQ6129GAHEVC5K,LKLA3L1B0JA732059,
DHW7180(CIVIC 1.8),LVHFA164465012406,本田,思域(FA1),1.8L VTI 自动豪华版 2006款/
KLQ6850GAHEVE5K,LKLA8D17XJA731990,
SC6363B4S,LS4BDB3D5EF021729,长安欧尚,长安之星,1.0L SC6363B4S 2014款/
LZW6388NFA,LZWACAGA7E9035425,五菱汽车,五菱之光2013款 (N111),1.0L 6388N 2014款/
KLQ6108GE3,LKLR1FSD2BC566496,
BMW7251ML(BMW523Li),LBVFP3903CSF38131,宝马,5系(F18),523Li 2012款/
SY6513XS1H,LSYBCAAA58K092414,金杯,海狮,2.0L 快运 2008款/
JX5041XXYXGA2,LEFYECG27BHN17363,
ZK6125CHEVNPG35,LZYTAGDS2J1019034,
HG7240A(ACCORD 2.4 i-VTEC),LHGCM567662036409,本田,雅阁七代(CM_),2.4L 自动 2006款/
BORA1.8,LFVBA11JX53011458,大众,宝来 (1J2),1.8L 手动 2005款/
KLQ6109GCHEV1B,LKLC3G2B2EC646471,
KLQ6116XQE4,LKLS1ESA0FA697073,
SC6363B3S,LS4BDB3D09F069399,长安欧尚,长安之星,1.0L SC6363B3S 2009款/
NXG5250ZLJW5,LC1HMMAF7J0001568,
WBAPG510,WBAPG5109CF218555,宝马,3系三厢版 (E90改款),320i 2012款/
DHW6456B(CR-V 2.0),LVHRE183995008412,本田,思威 CRV (RE_),2.0L 自动两驱都市版 2009款/
HG7150A(VTEC 5AT),LHGGD864882047679,本田,思迪 (GD6/GD8),1.5L 自动舒适版 2008款/
KLQ6129GAHEVE4B,LKLC1L1C1FC675017,
HG7152A(VTEC CVT),LHGGD384772003459,本田,飞度(GD1/GD3),1.5L CVT 2007款/
DHW6452B(CR-V 2.4),LVHRE487095016130,本田,思威 CRV (RE_),2.4L 自动四驱豪华版 2009款/
DHW7181(CIVIC 1.8 M),LVHFA152985040172,本田,思域(FA1),1.8L EXi 手动经典版 2008款/
XMQ6106G2,LA6R3FSD3BBA01287,
SGM7180LE,LSGJW52P96H065339,别克,凯越三厢 (CJ1),1.8L 手动 2006款/
WBAKB210,WBAKB2104AC410536,宝马,7系 (F02),730Li 2010款/
JTHBW46G,JTHBW46G9C2062524,雷克萨斯,ES,ES240 2012款/
WDCGG8BB,WDCGG8BB8BF658814,奔驰,GLK级 (X204),GLK 300 4MATIC 时尚型 11款 2011款/
KLQ6109E3,LKLR1FSD49B523729,
DFH5160XXYBX2DV,LGAX2BG47H1017233,
HG7151A(VTEC),LHGGD854572051642,本田,思迪 (GD6/GD8),1.5L 手动普通型 2007款/
ZK6100DX1,LZYTCTC22C1006453,
DHW7181B(CIVIC 1.8 M),LVHFA1535B5039777,本田,思域(FA1),1.8L EXi 手动舒适版 2011款/
XMQ5033XSW15,LA69BAA3XGB507816,金龙,金威,2.0L 2016款/
SC6443B3,LS4ASB3R2AG117321,长安轻型车,长安星光 星光4500,1.3L 2010款/
NJ6483ATS6,LNVU1CA36BV501611,
WBAZV410,WBAZV4102BL458412,宝马,X5 (E70改款),xDrive35i 2011款/
BH7200FMY,LBEEFAVA2CX326791,现代,名驭 (EF),2.0L CNG的士版 2012款/
EQ7200-Ⅲ,LGBC1AE074R005778,日产,蓝鸟(G10),2.0L 自动 2004款/
3GYFN9E5,3GYFN9E55CS601187,凯迪拉克,新SRX (CN1),3.0L 2012款/
FXC5123XXYP9L2AE,LFNABRJJ4A1E20331,
HFC1041P93K5C2,LJ11KBBC9G8507519,
KLQ6920GC,LKLR3DSBXBC566128,
KLQ6119GAHEVC5,LKLC3H1B7EC646635,
BJ5253ZLJ-AD,LRDV6PECXJH607743,
JTHBJ46G,JTHBJ46GX82292501,雷克萨斯,ES,ES350 2008款/
WBAVL310,WBAVL310XBVN93432,宝马,X1 (E84),sDrive18i 2011款/
KLQ6129GAC5,LKLC3L1F5FC680726,
LZW6441JY,LZWADAGA1G8021378,五菱汽车,五菱荣光V (CN100V),1.5L 2016款/1.5L 2016款/
